id,rep,i,e,type,realIsRight,ans
9,1,1,60,RR,1,0.611232
9,1,2,30,VV,0,0.310430
9,1,3,40,VV,0,0.294670
9,1,4,25,RR,0,0.239094
9,1,5,25,VV,0,0.206001
9,1,6,35,RR,0,0.317289
9,1,7,55,RV,0,0.627967
9,1,8,45,RR,0,0.403945
9,1,9,45,VV,1,0.338817
9,1,10,30,VV,1,0.274523
9,1,11,55,VV,1,0.630404
9,1,12,60,RR,0,0.603326
9,1,13,35,RV,1,0.351657
9,1,14,35,VV,0,0.318172
9,1,15,25,RR,1,0.301192
9,1,16,35,RV,0,0.351407
9,1,17,60,VV,0,0.578712
9,1,18,55,RV,1,0.571536
9,1,19,60,VV,1,0.581019
9,1,20,45,RV,0,0.390847
9,1,21,25,RV,1,0.337703
9,1,22,35,RR,1,0.347935
9,1,23,50,VV,0,0.444804
9,1,24,30,RR,1,0.302923
9,1,25,60,RV,1,0.540807
9,1,27,50,RV,1,0.528435
9,1,28,25,VV,1,0.214317
9,1,29,40,RV,0,0.428340
9,1,30,30,RV,0,0.379960
9,1,31,50,RV,0,0.468378
9,1,32,35,VV,1,0.385440
9,1,33,40,VV,1,0.458076
9,1,34,40,RV,1,0.483191
9,1,35,25,RV,0,0.199221
9,1,36,30,RV,1,0.257672
9,1,37,55,RR,0,0.606725
9,1,38,50,VV,1,0.524184
9,1,39,50,RR,1,0.435081
9,1,40,50,RR,0,0.421816
9,1,41,40,RR,0,0.343486
9,1,42,30,RR,0,0.287660
9,1,43,45,RV,1,0.405780
9,1,44,55,RR,1,0.452217
9,1,45,40,RR,1,0.332325
9,1,46,45,VV,0,0.321002
9,1,47,55,VV,0,0.468629
9,1,48,45,RR,1,0.486870
9,2,1,40,RR,1,0.345744
9,2,2,25,VV,0,0.214648
9,2,3,45,RR,1,0.415126
9,2,4,50,RR,0,0.418073
9,2,5,25,RV,1,0.260629
9,2,6,55,RR,1,0.513337
9,2,7,35,VV,0,0.319486
9,2,8,35,RV,0,0.284034
9,2,9,60,VV,0,0.460600
9,2,10,35,RR,1,0.338245
9,2,11,30,RV,0,0.276597
9,2,12,40,RV,1,0.367251
9,2,13,50,VV,0,0.406512
9,2,14,35,RR,0,0.377001
9,2,15,30,RR,1,0.290716
9,2,17,55,RR,0,0.560254
9,2,18,40,RR,0,0.332957
9,2,19,30,VV,1,0.271902
9,2,20,50,VV,1,0.414230
9,2,21,25,RR,1,0.259285
9,2,22,45,VV,1,0.387704
9,2,23,30,RR,0,0.299078
9,2,25,50,RV,1,0.635278
9,2,27,35,RV,1,0.224452
9,2,29,60,RV,0,0.583722
9,2,30,40,RV,0,0.351776
9,2,31,60,RR,1,0.648741
9,2,32,45,VV,0,0.449904
9,2,33,55,VV,0,0.493658
9,2,35,55,RV,1,0.589274
9,2,36,25,VV,1,0.249750
9,2,37,30,RV,1,0.348525
9,2,38,55,RV,0,0.470372
9,2,39,60,RV,1,0.619383
9,2,40,25,RR,0,0.257768
9,2,41,60,RR,0,0.628525
9,2,42,45,RR,0,0.438684
9,2,44,45,RV,1,0.490685
9,2,45,55,VV,1,0.537912
9,2,46,25,RV,0,0.202673
9,2,47,50,RV,0,0.426641
9,2,48,35,VV,1,0.328036
10,1,1,45,RV,1,0.490078
10,1,2,25,RR,1,0.213327
10,1,3,60,RV,0,0.691972
10,1,4,30,RR,1,0.282630
10,1,5,50,RV,1,0.462618
10,1,6,30,RR,0,0.274113
10,1,7,60,VV,0,0.826284
10,1,8,25,RV,0,0.199820
10,1,9,40,RR,0,0.513807
10,1,10,35,RV,0,0.383193
10,1,11,55,RR,0,0.748679
10,1,12,45,RV,0,0.514364
10,1,13,35,RR,1,0.370665
10,1,15,35,VV,1,0.332713
10,1,16,25,VV,0,0.260106
10,1,17,25,RR,0,0.279321
10,1,18,60,RR,0,0.658351
10,1,19,45,RR,1,0.523968
10,1,20,45,RR,0,0.483608
10,1,21,50,RR,1,0.643186
10,1,22,50,RV,0,0.636279
10,1,23,45,VV,0,0.421891
10,1,24,50,VV,1,0.475872
10,1,25,60,RR,1,0.730297
10,1,27,35,RR,0,0.346025
10,1,28,40,RV,0,0.383769
10,1,29,30,VV,0,0.301571
10,1,30,55,RV,1,0.745209
10,1,31,30,RV,1,0.356490
10,1,32,40,RV,1,0.496073
10,1,33,25,RV,1,0.292853
10,1,34,35,VV,0,0.455129
10,1,35,60,RV,1,0.722330
10,1,36,30,VV,1,0.316651
10,1,37,35,RV,1,0.479613
10,1,39,55,RR,1,0.660580
10,1,40,40,RR,1,0.509679
10,1,41,25,VV,1,0.289341
10,1,42,55,VV,1,0.661210
10,1,43,40,VV,1,0.550620
10,1,44,55,VV,0,0.685387
10,1,45,30,RV,0,0.305161
10,1,46,50,VV,0,0.507811
10,1,47,60,VV,1,0.842670
10,1,48,50,RR,0,0.596737
10,2,1,40,RV,0,0.421301
10,2,2,45,RR,1,0.596503
10,2,3,50,RR,0,0.681005
10,2,4,25,RR,0,0.253934
10,2,6,35,RV,1,0.450489
10,2,7,60,RV,0,0.859557
10,2,8,50,RR,1,0.674501
10,2,9,40,RR,1,0.443897
10,2,10,55,RR,0,0.601139
10,2,11,45,VV,0,0.569766
10,2,12,50,VV,1,0.687466
10,2,13,35,RR,1,0.513988
10,2,14,35,RV,0,0.388561
10,2,15,35,VV,0,0.422514
10,2,16,50,RV,0,0.475888
10,2,17,55,RV,1,0.641762
10,2,18,50,VV,0,0.640891
10,2,19,25,RV,1,0.295821
10,2,20,45,VV,1,0.519940
10,2,21,35,VV,1,0.416168
10,2,22,35,RR,0,0.458412
10,2,23,45,RV,0,0.518972
10,2,24,25,RR,1,0.327882
10,2,25,25,VV,0,0.346861
10,2,26,55,VV,1,0.404226
10,2,27,25,VV,1,0.305054
10,2,28,30,RR,0,0.462606
10,2,29,55,RV,0,0.723513
10,2,30,40,VV,1,0.417233
10,2,31,30,RV,1,0.378351
10,2,32,50,RV,1,0.636438
10,2,33,60,RR,1,0.793199
10,2,34,55,RR,1,0.635103
10,2,35,45,RV,1,0.526689
10,2,36,60,RV,1,0.821438
10,2,38,30,VV,0,0.325587
10,2,39,30,VV,1,0.331402
10,2,40,60,RR,0,0.792442
10,2,41,40,VV,0,0.557573
10,2,42,45,RR,0,0.450049
10,2,44,40,RR,0,0.416057
10,2,45,40,RV,1,0.521794
10,2,46,55,VV,0,0.703485
10,2,47,60,VV,1,0.771120
10,2,48,30,RR,1,0.402507
11,1,1,30,RV,1,0.436212
11,1,2,55,VV,1,0.735281
11,1,3,45,RV,0,0.573619
11,1,4,45,VV,1,0.482308
11,1,5,35,RV,1,0.479709
11,1,6,35,RV,0,0.392823
11,1,7,45,RR,0,0.626993
11,1,8,25,RV,0,0.251114
11,1,9,40,RR,1,0.615120
11,1,10,30,RR,1,0.484823
11,1,11,60,RR,1,0.981051
11,1,12,50,RR,1,0.913435
11,1,13,60,RV,0,0.863048
11,1,14,45,VV,0,0.695750
11,1,15,40,RV,0,0.618897
11,1,16,40,VV,0,0.621395
11,1,17,40,RR,0,0.575123
11,1,18,25,RV,1,0.456060
11,1,20,60,VV,1,0.801241
11,1,21,40,RV,1,0.607649
11,1,23,45,RR,1,0.643760
11,1,24,60,RR,0,1.050370
11,1,25,30,RV,0,0.466180
11,1,26,60,VV,0,0.647649
11,1,27,55,RR,1,0.922240
11,1,28,35,VV,0,0.594163
11,1,29,30,VV,1,0.422577
11,1,30,50,RV,1,0.715614
11,1,32,60,RV,1,0.806466
11,1,33,55,VV,0,0.736375
11,1,34,25,RR,1,0.525620
11,1,35,35,RR,1,0.628903
11,1,36,50,VV,0,0.884828
11,1,37,45,RV,1,0.778987
11,1,40,30,VV,0,0.553955
11,1,41,30,RR,0,0.518280
11,1,42,55,RV,0,0.836786
11,1,43,25,RR,0,0.555528
11,1,44,55,RR,0,0.947082
11,1,45,55,RV,1,0.998738
11,1,46,50,RR,0,0.713847
11,1,47,50,RV,0,0.735579
11,1,48,35,RR,0,0.747440
11,2,1,40,VV,1,0.608525
11,2,2,45,RR,1,0.863259
11,2,3,40,RR,1,0.738371
11,2,5,25,RR,0,0.414243
11,2,6,50,RV,1,0.913296
11,2,7,45,VV,1,0.763278
11,2,8,60,RV,1,1.008622
11,2,9,40,RV,1,0.814682
11,2,10,50,RV,0,0.776440
11,2,11,45,VV,0,0.636917
11,2,12,30,RR,0,0.542303
11,2,13,55,RR,0,1.057025
11,2,14,45,RR,0,0.931738
11,2,16,30,VV,1,0.509063
11,2,17,40,RV,0,0.485278
11,2,18,60,RV,0,0.566797
11,2,19,60,VV,0,0.949621
11,2,20,55,RV,1,0.866923
11,2,21,25,VV,0,0.566236
11,2,22,60,VV,1,1.044081
11,2,23,50,RR,1,0.877144
11,2,24,50,VV,0,0.787920
11,2,25,55,RV,0,0.802566
11,2,26,30,VV,0,0.568144
11,2,27,35,RV,0,0.519712
11,2,28,35,RR,1,0.561058
11,2,29,40,RR,0,0.676124
11,2,30,45,RV,0,0.724644
11,2,31,35,RR,0,0.670291
11,2,32,60,RR,1,1.074764
11,2,33,25,RR,1,0.344997
11,2,34,30,RV,0,0.371992
11,2,35,30,RV,1,0.548927
11,2,36,25,RV,0,0.145430
11,2,37,60,RR,0,1.026367
11,2,38,35,VV,1,0.541043
11,2,39,50,VV,1,0.781812
11,2,40,45,RV,1,0.751241
11,2,41,50,RR,0,0.938295
11,2,42,30,RR,1,0.450996
11,2,43,55,VV,0,0.775242
11,2,44,35,RV,1,0.621603
11,2,45,25,RV,1,0.443673
11,2,46,55,RR,1,0.963319
11,2,47,40,VV,0,0.578214
11,2,48,55,VV,1,0.662129
12,1,1,35,VV,1,0.503936
12,1,2,60,RV,0,0.832332
12,1,3,55,VV,1,0.745230
12,1,4,60,VV,1,0.556505
12,1,5,40,RR,0,0.524593
12,1,6,55,RV,0,0.802289
12,1,7,30,RV,0,0.649412
12,1,8,50,VV,1,0.652749
12,1,9,35,RV,0,0.515710
12,1,10,35,VV,0,0.508711
12,1,11,45,RV,1,0.585799
12,1,12,25,VV,0,0.405661
12,1,13,25,VV,1,0.366025
12,1,14,25,RR,0,0.382344
12,1,15,40,VV,0,0.516138
12,1,16,30,RR,1,0.436472
12,1,17,25,RR,1,0.365212
12,1,18,45,RR,1,0.656975
12,1,19,50,RV,0,0.743311
12,1,20,25,RV,0,0.455071
12,1,21,35,RR,0,0.546604
12,1,22,60,VV,0,0.782898
12,1,23,35,RV,1,0.513276
12,1,24,35,RR,1,0.494233
12,1,25,60,RV,1,0.858934
12,1,26,40,VV,1,0.521213
12,1,27,40,RV,0,0.644529
12,1,28,30,RV,1,0.466914
12,1,29,50,RR,1,0.650182
12,1,30,40,RV,1,0.598457
12,1,31,55,RR,0,0.790502
12,1,32,30,VV,0,0.440152
12,1,33,50,VV,0,0.780460
12,1,34,50,RV,1,0.794375
12,1,35,55,RV,1,0.816482
12,1,36,55,RR,1,0.754739
12,1,37,45,VV,1,0.552963
12,1,38,45,RR,0,0.645017
12,1,39,45,RV,0,0.632965
12,1,40,50,RR,0,0.670668
12,1,41,40,RR,1,0.493843
12,1,42,55,VV,0,0.813767
12,1,43,25,RV,1,0.346167
12,1,44,30,VV,1,0.432196
12,1,45,60,RR,1,0.704245
12,1,46,30,RR,0,0.454167
12,1,47,45,VV,0,0.658218
12,1,48,60,RR,0,0.830122
12,2,1,50,VV,1,0.589574
12,2,2,35,RR,0,0.576136
12,2,3,35,VV,1,0.477637
12,2,4,60,VV,1,0.784160
12,2,5,55,VV,1,0.777270
12,2,6,45,RR,0,0.593903
12,2,7,40,RR,1,0.605956
12,2,8,55,RV,0,0.769031
12,2,9,30,RR,0,0.416079
12,2,10,35,RV,0,0.488031
12,2,11,55,RR,0,0.770251
12,2,12,40,RV,1,0.517213
12,2,13,60,RV,0,0.812614
12,2,14,50,RR,1,0.728029
12,2,15,50,RR,0,0.627813
12,2,16,50,VV,0,0.641493
12,2,17,45,RV,0,0.674479
12,2,18,55,RR,1,0.686628
12,2,19,25,VV,0,0.345980
12,2,20,30,VV,0,0.448789
12,2,21,35,RV,1,0.497829
12,2,22,30,RV,0,0.464991
12,2,23,25,RV,1,0.380561
12,2,24,35,RR,1,0.471873
12,2,25,25,RR,0,0.421532
12,2,26,55,VV,0,0.655731
12,2,27,60,VV,0,0.747955
12,2,28,50,RV,1,0.764982
12,2,29,60,RR,1,0.887755
12,2,30,30,RV,1,0.446263
12,2,31,50,RV,0,0.679141
12,2,32,40,VV,1,0.627984
12,2,33,45,VV,1,0.584885
12,2,34,45,RV,1,0.625371
12,2,35,45,VV,0,0.610726
12,2,36,40,RR,0,0.568598
12,2,37,45,RR,1,0.558114
12,2,38,55,RV,1,0.777122
12,2,39,25,RR,1,0.374598
12,2,40,60,RV,1,0.789705
12,2,41,30,VV,1,0.476989
12,2,42,40,RV,0,0.485630
12,2,43,30,RR,1,0.463157
12,2,44,35,VV,0,0.464334
12,2,45,40,VV,0,0.535095
12,2,46,60,RR,0,0.844368
12,2,47,25,VV,1,0.332442
12,2,48,25,RV,0,0.368121
13,1,1,25,VV,0,0.324164
13,1,2,35,VV,0,0.349046
13,1,3,60,RV,1,0.675076
13,1,4,50,RR,1,0.654420
13,1,5,25,RV,1,0.273101
13,1,6,35,VV,1,0.335928
13,1,7,30,VV,1,0.325320
13,1,8,30,RV,1,0.336375
13,1,9,45,RV,0,0.523373
13,1,10,55,RV,0,0.749345
13,1,11,30,RR,1,0.395068
13,1,12,50,RR,0,0.700660
13,1,13,40,RR,0,0.475808
13,1,14,40,VV,0,0.465311
13,1,15,25,RV,0,0.337499
13,1,16,60,VV,0,0.803218
13,1,17,40,RV,1,0.522701
13,1,18,50,RV,0,0.631911
13,1,19,60,VV,1,0.838488
13,1,20,60,RV,0,0.839970
13,1,21,55,VV,0,0.666478
13,1,22,50,VV,0,0.716869
13,1,23,40,VV,1,0.471884
13,1,24,60,RR,0,0.793332
13,1,25,25,RR,0,0.328979
13,1,26,55,RR,0,0.783132
13,1,27,30,VV,0,0.427335
13,1,28,45,RR,0,0.616894
13,1,29,45,RV,1,0.740850
13,1,30,55,RV,1,0.780598
13,1,31,35,RR,1,0.474245
13,1,32,35,RV,1,0.373740
13,1,33,25,RR,1,0.314929
13,1,34,45,RR,1,0.597307
13,1,35,45,VV,1,0.514648
13,1,36,55,VV,1,0.536062
13,1,37,45,VV,0,0.538247
13,1,38,40,RV,0,0.481156
13,1,39,25,VV,1,0.333832
13,1,40,60,RR,1,0.855667
13,1,41,30,RR,0,0.399472
13,1,42,55,RR,1,0.718845
13,1,43,35,RV,0,0.430836
13,1,44,35,RR,0,0.385127
13,1,45,40,RR,1,0.511709
13,1,46,50,VV,1,0.658692
13,1,47,50,RV,1,0.776472
13,1,48,30,RV,0,0.362324
13,2,1,60,RV,0,0.797236
13,2,2,55,RV,1,0.706154
13,2,3,50,VV,0,0.595509
13,2,4,25,RV,1,0.310091
13,2,5,40,RR,0,0.460643
13,2,6,30,RV,1,0.424662
13,2,7,60,RR,1,0.817174
13,2,8,40,VV,0,0.422274
13,2,9,35,VV,0,0.409140
13,2,10,45,RV,1,0.577534
13,2,11,40,RV,0,0.475382
13,2,12,35,RV,0,0.393273
13,2,13,35,RR,1,0.366904
13,2,14,30,VV,1,0.326096
13,2,15,60,VV,1,0.765737
13,2,16,40,RR,1,0.497480
13,2,17,50,RV,1,0.581669
13,2,19,30,RR,0,0.334909
13,2,20,55,RR,0,0.644073
13,2,21,50,RV,0,0.598018
13,2,22,25,RR,0,0.302909
13,2,23,40,RV,1,0.488848
13,2,24,40,VV,1,0.418061
13,2,25,45,RR,0,0.596045
13,2,26,25,RR,1,0.307595
13,2,27,45,RV,0,0.514556
13,2,28,50,VV,1,0.604463
13,2,29,35,VV,1,0.429997
13,2,31,55,VV,0,0.671726
13,2,32,30,RR,1,0.383871
13,2,33,50,RR,1,0.577132
13,2,34,60,RV,1,0.698524
13,2,35,55,RR,1,0.593741
13,2,36,45,VV,1,0.490022
13,2,37,55,RV,0,0.703472
13,2,38,25,VV,0,0.296675
13,2,39,25,VV,1,0.321498
13,2,40,30,RV,0,0.362842
13,2,41,50,RR,0,0.602280
13,2,42,45,VV,0,0.560120
13,2,43,35,RV,1,0.428281
13,2,44,45,RR,1,0.426657
13,2,45,25,RV,0,0.353935
13,2,46,55,VV,1,0.691571
13,2,47,60,RR,0,0.761030
13,2,48,35,RR,0,0.331079
15,1,1,35,VV,0,0.336681
15,1,2,50,VV,1,0.489507
15,1,3,35,RV,1,0.372936
15,1,4,35,RV,0,0.384890
15,1,5,55,VV,1,0.528168
15,1,6,40,VV,0,0.368310
15,1,7,50,RR,0,0.136061
15,1,9,30,RV,1,0.286005
15,1,10,50,VV,0,0.446616
15,1,11,60,VV,0,0.563978
15,1,12,50,RV,0,0.487274
15,1,13,30,RR,1,0.303719
15,1,14,55,RR,1,0.562807
15,1,15,25,RR,1,0.286348
15,1,16,35,RR,1,0.403647
15,1,17,25,RR,0,0.276982
15,1,18,60,RV,0,0.674999
15,1,19,45,RV,0,0.491529
15,1,20,45,VV,0,0.456776
15,1,21,55,RV,1,0.600991
15,1,22,45,RV,1,0.403672
15,1,23,60,RV,1,0.648285
15,1,24,55,RR,0,0.502698
15,1,25,35,VV,1,0.351748
15,1,26,50,RV,1,0.515653
15,1,27,40,VV,1,0.410994
15,1,28,30,RV,0,0.404478
15,1,29,45,RR,1,0.431686
15,1,30,25,VV,1,0.248719
15,1,31,55,VV,0,0.651924
15,1,32,40,RR,0,0.457342
15,1,33,30,VV,0,0.327765
15,1,34,25,VV,0,0.309739
15,1,35,45,RR,0,0.540483
15,1,36,35,RR,0,0.368974
15,1,37,25,RV,1,0.299104
15,1,38,50,RR,1,0.519142
15,1,39,60,RR,0,0.703374
15,1,41,60,RR,1,0.129843
15,1,42,25,RV,0,0.081528
15,1,43,45,VV,1,0.460084
15,1,44,40,RV,0,0.476026
15,1,45,40,RR,1,0.317213
15,1,46,30,RR,0,0.307499
15,1,47,40,RV,1,0.433350
15,1,48,55,RV,0,0.499810
15,2,1,60,RV,0,0.657441
15,2,2,60,VV,1,0.564181
15,2,3,35,RV,1,0.367774
15,2,5,30,VV,1,0.334081
15,2,6,50,RR,1,0.443607
15,2,7,60,VV,0,0.342766
15,2,9,25,VV,0,0.265649
15,2,10,30,RR,1,0.316885
15,2,11,45,VV,0,0.422715
15,2,12,35,RV,0,0.407413
15,2,13,50,RV,1,0.484621
15,2,14,60,RR,1,0.690987
15,2,16,35,VV,1,0.171760
15,2,17,55,RV,1,0.506056
15,2,18,55,VV,0,0.400117
15,2,19,45,RV,1,0.430378
15,2,20,50,VV,1,0.193502
15,2,21,50,RV,0,0.514287
15,2,22,55,RR,0,0.659581
15,2,23,55,RV,0,0.562006
15,2,24,25,RR,0,0.294234
15,2,25,30,RV,1,0.352172
15,2,26,40,RR,1,0.446753
15,2,27,40,VV,1,0.348890
15,2,28,25,VV,1,0.230112
15,2,29,45,RR,1,0.401082
15,2,31,45,RR,0,0.442203
15,2,32,50,RR,0,0.602882
15,2,34,40,RR,0,0.357009
15,2,35,60,RV,1,0.557558
15,2,36,55,VV,1,0.554530
15,2,37,45,RV,0,0.436765
15,2,38,60,RR,0,0.683330
15,2,39,40,VV,0,0.370316
15,2,40,25,RV,0,0.306237
15,2,41,35,RR,1,0.347549
15,2,42,40,RV,1,0.371497
15,2,43,25,RR,1,0.095314
15,2,44,55,RR,1,0.090146
15,2,45,30,RR,0,0.311022
15,2,46,35,RR,0,0.395710
15,2,47,30,RV,0,0.302994
15,2,48,35,VV,0,0.304263
16,1,1,45,RV,1,0.647174
16,1,2,25,RR,0,0.316635
16,1,3,40,RV,1,0.537714
16,1,4,50,RR,1,0.738483
16,1,5,60,RR,0,1.005994
16,1,6,60,RV,1,0.828442
16,1,7,30,VV,1,0.393726
16,1,8,45,RR,1,0.598415
16,1,9,60,VV,1,0.740293
16,1,10,35,RV,0,0.542364
16,1,11,25,VV,0,0.305838
16,1,12,45,RR,0,0.599343
16,1,13,35,VV,0,0.525460
16,1,14,50,VV,0,0.568390
16,1,15,30,RV,0,0.477721
16,1,16,45,VV,0,0.619905
16,1,17,25,RV,1,0.351495
16,1,18,45,VV,1,0.523888
16,1,19,40,VV,0,0.546199
16,1,20,55,VV,1,0.729811
16,1,21,40,RV,0,0.580026
16,1,22,50,RV,0,0.775415
16,1,23,25,VV,1,0.237899
16,1,24,30,RV,1,0.366667
16,1,25,55,RR,1,0.850715
16,1,26,35,RV,1,0.431100
16,1,27,25,RV,0,0.307241
16,1,28,35,RR,0,0.417975
16,1,29,35,VV,1,0.506485
16,1,30,55,VV,0,0.811994
16,1,31,40,VV,1,0.524495
16,1,32,60,RR,1,0.883967
16,1,33,45,RV,0,0.617121
16,1,34,30,RR,1,0.403929
16,1,35,60,VV,0,0.867856
16,1,36,55,RV,1,0.763346
16,1,37,55,RR,0,0.815127
16,1,38,35,RR,1,0.380528
16,1,39,50,RV,1,0.636494
16,1,40,50,VV,1,0.587635
16,1,41,40,RR,0,0.536461
16,1,42,60,RV,0,0.916407
16,1,43,30,VV,0,0.284032
16,1,44,25,RR,1,0.280580
16,1,45,40,RR,1,0.541750
16,1,46,50,RR,0,0.642340
16,1,47,55,RV,0,0.761998
16,1,48,30,RR,0,0.460977
16,2,1,25,RV,0,0.290037
16,2,2,45,RV,1,0.704909
16,2,3,25,RR,0,0.347863
16,2,4,35,RV,0,0.498165
16,2,5,60,RR,1,0.853613
16,2,6,40,RR,0,0.564574
16,2,8,40,RR,1,0.521164
16,2,9,35,VV,0,0.534317
16,2,10,30,VV,1,0.133556
16,2,11,55,VV,1,0.651707
16,2,12,60,RV,0,0.740367
16,2,13,30,RV,1,0.488670
16,2,14,60,RV,1,0.699647
16,2,15,45,VV,1,0.569741
16,2,16,35,VV,1,0.420819
16,2,17,45,RR,0,0.579619
16,2,18,25,RV,1,0.396755
16,2,19,45,RR,1,0.072620
16,2,20,25,RR,1,0.257148
16,2,21,60,RR,0,0.763418
16,2,22,40,VV,1,0.073155
16,2,23,55,RR,0,0.049754
16,2,24,50,RR,0,0.431029
16,2,25,55,RV,0,0.657717
16,2,26,30,VV,0,0.353260
16,2,27,35,RR,1,0.478623
16,2,28,50,RV,1,0.607813
16,2,29,30,RR,1,0.368637
16,2,30,55,RR,1,0.686564
16,2,31,25,VV,1,0.329061
16,2,32,40,RV,0,0.396944
16,2,33,60,VV,1,0.698769
16,2,34,30,RR,0,0.383273
16,2,35,30,RV,0,0.333720
16,2,36,55,VV,0,0.598886
16,2,37,40,RV,1,0.519664
16,2,38,35,RV,1,0.515560
16,2,39,50,VV,1,0.554483
16,2,40,60,VV,0,0.580067
16,2,41,55,RV,1,0.633962
16,2,42,25,VV,0,0.383361
16,2,43,40,VV,0,0.512515
16,2,44,45,VV,0,0.653661
16,2,45,45,RV,0,0.484672
16,2,46,35,RR,0,0.531116
16,2,47,50,RV,0,0.621411
16,2,48,50,RR,1,0.623866
18,1,1,25,RR,0,0.304602
18,1,2,55,RV,1,0.831232
18,1,3,40,RV,1,0.451116
18,1,4,55,VV,0,0.665068
18,1,5,50,VV,1,0.461881
18,1,6,30,RR,1,0.374891
18,1,7,25,RV,0,0.228337
18,1,8,25,VV,1,0.264989
18,1,10,50,RR,0,0.723716
18,1,11,30,VV,0,0.366864
18,1,12,55,VV,1,0.632589
18,1,13,55,RR,1,0.822969
18,1,14,25,VV,0,0.258347
18,1,15,60,RV,1,0.790881
18,1,16,40,VV,0,0.539375
18,1,17,40,RR,0,0.500552
18,1,18,50,VV,0,0.565377
18,1,19,35,RV,0,0.447863
18,1,20,60,RR,1,0.790509
18,1,22,60,VV,0,0.724254
18,1,23,60,RV,0,0.752702
18,1,24,35,VV,0,0.546253
18,1,25,35,RR,1,0.397238
18,1,26,60,VV,1,0.638073
18,1,27,30,RR,0,0.370162
18,1,28,35,VV,1,0.398648
18,1,29,50,RV,0,0.758304
18,1,30,25,RR,1,0.384432
18,1,31,35,RV,1,0.530744
18,1,32,45,RV,0,0.516546
18,1,33,40,RR,1,0.485395
18,1,34,35,RR,0,0.528898
18,1,35,55,RR,0,0.774832
18,1,36,30,VV,1,0.386673
18,1,37,45,RR,1,0.605686
18,1,38,50,RR,1,0.731488
18,1,39,55,RV,0,0.614364
18,1,40,40,VV,1,0.566372
18,1,41,45,VV,0,0.554296
18,1,42,45,RR,0,0.594619
18,1,43,30,RV,1,0.372608
18,1,44,40,RV,0,0.544445
18,1,45,45,VV,1,0.538316
18,1,46,45,RV,1,0.527286
18,1,47,25,RV,1,0.428968
18,1,48,60,RR,0,0.914691
18,2,1,40,VV,1,0.406341
18,2,2,30,VV,0,0.304976
18,2,3,35,RV,1,0.485262
18,2,4,40,RR,1,0.495359
18,2,5,35,VV,0,0.400182
18,2,6,35,RV,0,0.451039
18,2,7,60,RV,1,0.804468
18,2,8,55,RV,0,0.591083
18,2,9,25,RR,0,0.323872
18,2,10,40,RV,1,0.432225
18,2,11,60,VV,1,0.688204
18,2,12,50,RV,0,0.646617
18,2,13,55,RR,1,0.654292
18,2,14,25,RR,1,0.255444
18,2,15,45,VV,1,0.464979
18,2,16,25,VV,1,0.273872
18,2,17,60,RR,1,0.806136
18,2,18,25,RV,0,0.261236
18,2,19,55,VV,0,0.479934
18,2,20,25,RV,1,0.258273
18,2,21,35,VV,1,0.370501
18,2,22,60,VV,0,0.564838
18,2,23,40,RR,0,0.492977
18,2,24,55,RV,1,0.735667
18,2,25,30,RR,0,0.313814
18,2,26,30,RV,0,0.335375
18,2,27,55,VV,1,0.645842
18,2,28,45,VV,0,0.477885
18,2,29,50,RV,1,0.752293
18,2,30,30,RR,1,0.327730
18,2,31,60,RR,0,0.750729
18,2,33,45,RR,1,0.609968
18,2,34,50,RR,1,0.771842
18,2,35,40,RV,0,0.410652
18,2,36,55,RR,0,0.744199
18,2,37,45,RV,1,0.109588
18,2,38,50,VV,0,0.451398
18,2,39,60,RV,0,0.485897
18,2,40,45,RR,0,0.643886
18,2,41,50,RR,0,0.697986
18,2,42,30,RV,1,0.505875
18,2,43,45,RV,0,0.499452
18,2,44,40,VV,0,0.471514
18,2,45,35,RR,0,0.396257
18,2,46,30,VV,1,0.345896
18,2,47,25,VV,0,0.255215
18,2,48,35,RR,1,0.438879
19,1,1,25,RR,1,0.333337
19,1,2,35,RR,0,0.392676
19,1,3,50,VV,0,0.564029
19,1,4,30,RR,1,0.317730
19,1,5,55,RV,1,0.582809
19,1,6,40,RR,0,0.452292
19,1,7,35,VV,0,0.394482
19,1,8,25,RV,1,0.288113
19,1,9,35,RV,0,0.436684
19,1,10,35,RR,1,0.459700
19,1,11,60,VV,1,0.694711
19,1,12,50,RV,0,0.602125
19,1,13,45,RR,1,0.542465
19,1,14,50,RV,1,0.635686
19,1,16,40,RR,1,0.466146
19,1,17,25,VV,0,0.303974
19,1,18,60,VV,0,0.732821
19,1,19,35,RV,1,0.489624
19,1,20,40,VV,0,0.463570
19,1,21,45,RV,1,0.498186
19,1,22,60,RV,1,0.759450
19,1,23,50,RR,0,0.580695
19,1,24,30,VV,0,0.399957
19,1,25,45,VV,1,0.569699
19,1,26,60,RV,0,0.808530
19,1,27,40,RV,0,0.477308
19,1,28,55,RR,0,0.696586
19,1,29,55,VV,1,0.674545
19,1,30,60,RR,1,0.718613
19,1,31,30,RR,0,0.390083
19,1,32,25,RR,0,0.341360
19,1,33,55,RR,1,0.595609
19,1,34,30,RV,0,0.422978
19,1,35,45,VV,0,0.550573
19,1,36,50,VV,1,0.591501
19,1,37,55,RV,0,0.610732
19,1,38,45,RV,0,0.600230
19,1,39,45,RR,0,0.637900
19,1,40,25,RV,0,0.419985
19,1,41,30,RV,1,0.401095
19,1,42,50,RR,1,0.620391
19,1,43,35,VV,1,0.384788
19,1,44,40,RV,1,0.518367
19,1,45,40,VV,1,0.464393
19,1,46,55,VV,0,0.658704
19,1,47,30,VV,1,0.382994
19,1,48,60,RR,0,0.727506
19,2,1,30,RR,1,0.389469
19,2,2,45,RR,0,0.509193
19,2,3,30,VV,0,0.365093
19,2,4,60,RR,1,0.644781
19,2,5,30,RV,0,0.514642
19,2,6,55,RV,0,0.537330
19,2,7,25,VV,1,0.365988
19,2,8,60,VV,1,0.773574
19,2,9,45,RV,1,0.548941
19,2,10,25,RR,1,0.396983
19,2,11,55,RR,0,0.546274
19,2,12,35,RR,1,0.502330
19,2,13,55,VV,0,0.653655
19,2,14,50,VV,0,0.618650
19,2,15,55,RR,1,0.673378
19,2,16,40,RV,0,0.517410
19,2,17,45,RR,1,0.500013
19,2,18,60,RV,0,0.750372
19,2,19,50,RV,1,0.605128
19,2,20,60,VV,0,0.694376
19,2,21,60,RR,0,0.711381
19,2,22,30,RR,0,0.465042
19,2,23,35,VV,0,0.475681
19,2,24,60,RV,1,0.752636
19,2,25,50,RR,1,0.651102
19,2,26,40,RV,1,0.557495
19,2,27,50,RV,0,0.552572
19,2,28,25,VV,0,0.306387
19,2,29,35,VV,1,0.394688
19,2,31,50,RR,0,0.613397
19,2,32,30,RV,1,0.363759
19,2,33,55,VV,1,0.686717
19,2,34,35,RR,0,0.464314
19,2,35,35,RV,1,0.440064
19,2,36,55,RV,1,0.661952
19,2,37,50,VV,1,0.584404
19,2,38,35,RV,0,0.492315
19,2,39,25,RV,1,0.375955
19,2,40,40,RR,0,0.529669
19,2,42,45,VV,0,0.514020
19,2,43,45,VV,1,0.494122
19,2,44,25,RV,0,0.363039
19,2,45,25,RR,0,0.357070
19,2,46,40,RR,1,0.453335
19,2,47,40,VV,1,0.497622
19,2,48,30,VV,1,0.516949
21,1,1,35,RV,1,0.434895
21,1,2,50,VV,1,0.681307
21,1,3,30,RR,0,0.294162
21,1,4,55,VV,1,0.633766
21,1,5,60,RR,1,0.707832
21,1,6,45,VV,1,0.398676
21,1,7,25,VV,1,0.272653
21,1,8,30,RR,1,0.324986
21,1,9,55,RR,0,0.656249
21,1,10,55,VV,0,0.677519
21,1,11,35,RR,1,0.397005
21,1,12,60,VV,1,0.715726
21,1,13,25,RV,0,0.302696
21,1,14,40,RR,0,0.450708
21,1,15,55,RV,0,0.705592
21,1,16,30,RV,1,0.317281
21,1,17,25,RR,1,0.285066
21,1,19,25,VV,0,0.271531
21,1,20,35,RR,0,0.394140
21,1,21,50,VV,0,0.623652
21,1,22,50,RV,0,0.658571
21,1,23,60,RV,1,0.843031
21,1,24,35,VV,1,0.363209
21,1,25,55,RR,1,0.601959
21,1,26,30,VV,0,0.365857
21,1,27,55,RV,1,0.697194
21,1,28,60,VV,0,0.756667
21,1,29,35,VV,0,0.369543
21,1,30,45,RV,0,0.603885
21,1,31,45,VV,0,0.571259
21,1,32,40,RV,0,0.426006
21,1,33,45,RV,1,0.673774
21,1,34,50,RR,0,0.789467
21,1,35,35,RV,0,0.423790
21,1,36,40,RR,1,0.437728
21,1,37,25,RV,1,0.293457
21,1,38,25,RR,0,0.235832
21,1,39,45,RR,1,0.517326
21,1,40,45,RR,0,0.553464
21,1,41,40,VV,0,0.406860
21,1,42,50,RR,1,0.635952
21,1,43,60,RR,0,0.758534
21,1,44,30,VV,1,0.282001
21,1,45,50,RV,1,0.654107
21,1,46,30,RV,0,0.313733
21,1,47,40,RV,1,0.455906
21,2,1,60,VV,1,0.735620
21,2,2,40,VV,1,0.416279
21,2,3,45,RR,0,0.655109
21,2,4,30,VV,0,0.411445
21,2,5,40,RR,0,0.457971
21,2,6,35,RR,1,0.411961
21,2,7,25,RR,0,0.336450
21,2,8,25,RR,1,0.317354
21,2,9,60,RV,0,0.645774
21,2,10,50,RR,1,0.637004
21,2,11,50,VV,0,0.639960
21,2,12,30,RR,0,0.327055
21,2,13,35,RV,1,0.411804
21,2,14,60,RV,1,0.745227
21,2,15,25,RV,0,0.276898
21,2,16,45,RV,1,0.559993
21,2,17,55,VV,1,0.641715
21,2,18,60,VV,0,0.722328
21,2,19,50,RR,0,0.548806
21,2,20,45,RR,1,0.467465
21,2,21,55,VV,0,0.625877
21,2,22,30,RR,1,0.344159
21,2,23,55,RV,0,0.616688
21,2,24,50,VV,1,0.508200
21,2,25,45,RV,0,0.507236
21,2,26,50,RV,0,0.531137
21,2,27,40,RV,0,0.343263
21,2,28,25,VV,0,0.312673
21,2,29,25,RV,1,0.331088
21,2,30,30,RV,1,0.365044
21,2,31,55,RR,1,0.721246
21,2,32,50,RV,1,0.689526
21,2,33,55,RR,0,0.724992
21,2,34,45,VV,0,0.527953
21,2,35,25,VV,1,0.276521
21,2,36,45,VV,1,0.497707
21,2,37,35,RV,0,0.365439
21,2,38,35,RR,0,0.398310
21,2,39,55,RV,1,0.674779
21,2,40,60,RR,1,0.730355
21,2,41,30,RV,0,0.291921
21,2,42,60,RR,0,0.769633
21,2,43,40,RR,1,0.371133
21,2,44,35,VV,1,0.412438
21,2,45,30,VV,1,0.353124
21,2,46,40,VV,0,0.467578
21,2,47,40,RV,1,0.471397
21,2,48,35,VV,0,0.345243
23,1,1,30,VV,1,0.357368
23,1,2,30,RR,0,0.371709
23,1,3,40,RR,1,0.501906
23,1,4,60,VV,0,0.665914
23,1,5,45,VV,1,0.475812
23,1,6,55,RR,0,0.519098
23,1,7,45,RR,0,0.449806
23,1,8,35,RV,0,0.397091
23,1,9,60,RV,0,0.770807
23,1,10,45,RV,0,0.440610
23,1,11,35,RV,1,0.358155
23,1,12,50,RR,0,0.543057
23,1,13,25,VV,1,0.291464
23,1,14,40,VV,0,0.412274
23,1,15,45,VV,0,0.596818
23,1,16,30,RV,1,0.330909
23,1,17,25,RR,1,0.338273
23,1,18,45,RV,1,0.586450
23,1,19,50,RV,1,0.634384
23,1,20,35,VV,1,0.491956
23,1,21,60,VV,1,0.395648
23,1,22,40,VV,1,0.433761
23,1,23,25,VV,0,0.299693
23,1,24,25,RV,0,0.316352
23,1,25,50,VV,0,0.621367
23,1,26,30,RV,0,0.382167
23,1,27,55,RV,0,0.810598
23,1,28,30,RR,1,0.503667
23,1,29,45,RR,1,0.663459
23,1,31,55,VV,1,0.742618
23,1,32,25,RV,1,0.316844
23,1,33,35,VV,0,0.354211
23,1,34,50,RV,0,0.689699
23,1,35,60,RV,1,0.578718
23,1,36,55,RV,1,0.624743
23,1,37,30,VV,0,0.292128
23,1,38,60,RR,1,0.705187
23,1,39,55,VV,0,0.657358
23,1,40,55,RR,1,0.727051
23,1,41,40,RR,0,0.516278
23,1,42,60,RR,0,0.757932
23,1,43,50,RR,1,0.572789
23,1,44,35,RR,1,0.369456
23,1,45,25,RR,0,0.272003
23,1,46,50,VV,1,0.555139
23,1,47,40,RV,1,0.371760
23,1,48,35,RR,0,0.377717
23,2,1,55,RV,0,0.470974
23,2,2,35,VV,0,0.386368
23,2,3,40,RR,1,0.500347
23,2,4,30,VV,1,0.379127
23,2,5,50,RV,0,0.642369
23,2,6,60,VV,1,0.691559
23,2,7,30,RV,0,0.376496
23,2,8,50,RV,1,0.550641
23,2,9,25,RR,1,0.358655
23,2,10,35,RR,1,0.416758
23,2,11,60,RV,0,0.688645
23,2,12,55,RR,0,0.504780
23,2,13,60,VV,0,0.682785
23,2,14,60,RR,1,0.714061
23,2,15,40,VV,1,0.361479
23,2,16,40,VV,0,0.486884
23,2,17,60,RR,0,0.786638
23,2,18,50,RR,0,0.611156
23,2,19,45,RR,0,0.518359
23,2,20,25,RV,1,0.336160
23,2,21,55,VV,1,0.735560
23,2,22,45,VV,0,0.559828
23,2,23,25,RR,0,0.286597
23,2,24,45,RV,0,0.580093
23,2,25,25,VV,0,0.338188
23,2,26,30,RR,0,0.386662
23,2,27,40,RV,0,0.530297
23,2,28,45,RR,1,0.668061
23,2,29,35,RV,1,0.433111
23,2,30,30,RV,1,0.276587
23,2,31,35,VV,1,0.392835
23,2,32,25,RV,0,0.327524
23,2,33,25,VV,1,0.314683
23,2,34,40,RR,0,0.611308
23,2,35,55,RR,1,0.858661
23,2,36,30,RR,1,0.390070
23,2,37,35,RV,0,0.386212
23,2,38,55,RV,1,0.648864
23,2,39,55,VV,0,0.669025
23,2,40,40,RV,1,0.422688
23,2,41,45,RV,1,0.422529
23,2,42,50,VV,1,0.592443
23,2,43,45,VV,1,0.609568
23,2,44,35,RR,0,0.461081
23,2,45,60,RV,1,0.767352
23,2,46,30,VV,0,0.323885
23,2,47,50,VV,0,0.611281
23,2,48,50,RR,1,0.643804
24,1,1,45,RR,0,0.352235
24,1,2,40,RV,1,0.424739
24,1,3,55,RV,0,0.590845
24,1,4,35,RV,0,0.436483
24,1,5,55,VV,1,0.577584
24,1,6,25,VV,1,0.318899
24,1,7,25,VV,0,0.250760
24,1,8,50,RV,0,0.445870
24,1,9,45,VV,0,0.469675
24,1,10,35,RV,1,0.382883
24,1,11,50,RR,1,0.523013
24,1,12,55,RR,1,0.612280
24,1,13,30,VV,0,0.366464
24,1,14,60,RR,1,0.733733
24,1,15,25,RV,1,0.370015
24,1,16,50,VV,1,0.568706
24,1,17,45,RR,1,0.528525
24,1,18,40,RR,0,0.474589
24,1,19,55,RR,0,0.688802
24,1,20,30,RR,0,0.379979
24,1,21,35,VV,0,0.419933
24,1,22,40,VV,0,0.474648
24,1,23,30,VV,1,0.344729
24,1,24,35,RR,0,0.348879
24,1,25,45,VV,1,0.495596
24,1,26,60,RV,1,0.740094
24,1,27,60,RV,0,0.685929
24,1,28,45,RV,0,0.549347
24,1,29,55,VV,0,0.555234
24,1,30,50,VV,0,0.581442
24,1,31,35,VV,1,0.450120
24,1,32,30,RV,1,0.390413
24,1,33,50,RV,1,0.659794
24,1,34,25,RR,1,0.379342
24,1,35,50,RR,0,0.702670
24,1,36,35,RR,1,0.513159
24,1,38,30,RV,0,0.272408
24,1,39,25,RV,0,0.159264
24,1,40,30,RR,1,0.354098
24,1,41,40,VV,1,0.430048
24,1,42,25,RR,0,0.321374
24,1,43,40,RV,0,0.480674
24,1,44,55,RV,1,0.800805
24,1,45,40,RR,1,0.514772
24,1,46,60,VV,1,0.722197
24,1,47,60,RR,0,0.748778
24,1,48,45,RV,1,0.619327
24,2,1,60,VV,0,0.603154
24,2,2,45,RV,0,0.528869
24,2,3,25,RR,0,0.139621
24,2,4,45,RR,1,0.528511
24,2,5,25,VV,0,0.373659
24,2,6,55,RV,1,0.549689
24,2,7,60,RV,1,0.716519
24,2,9,25,RR,1,0.150635
24,2,10,60,RR,1,0.793382
24,2,11,55,RR,1,0.632066
24,2,12,40,RR,1,0.334383
24,2,13,45,VV,1,0.575479
24,2,14,30,RV,1,0.386051
24,2,15,30,VV,0,0.446822
24,2,16,50,RV,0,0.656219
24,2,17,50,VV,0,0.189706
24,2,18,60,VV,1,0.812822
24,2,19,45,VV,0,0.576116
24,2,20,30,RV,0,0.425169
24,2,21,55,RR,0,0.728806
24,2,22,40,VV,1,0.501941
24,2,23,30,VV,1,0.394395
24,2,24,35,RR,0,0.461558
24,2,25,40,VV,0,0.554748
24,2,26,40,RR,0,0.370068
24,2,27,50,VV,1,0.646052
24,2,28,30,RR,1,0.362736
24,2,29,55,RV,0,0.699704
24,2,30,25,VV,1,0.473863
24,2,31,40,RV,1,0.533381
24,2,32,25,RV,0,0.402285
24,2,33,55,VV,1,0.468908
24,2,34,25,RV,1,0.324837
24,2,35,60,RR,0,0.754995
24,2,36,40,RV,0,0.589655
24,2,37,35,VV,1,0.449799
24,2,38,35,VV,0,0.443000
24,2,39,35,RV,0,0.428143
24,2,40,45,RV,1,0.612692
24,2,41,50,RR,0,0.566715
24,2,42,30,RR,0,0.408344
24,2,43,50,RR,1,0.601111
24,2,44,45,RR,0,0.621417
24,2,45,55,VV,0,0.712849
24,2,46,35,RV,1,0.503730
24,2,47,50,RV,1,0.576345
24,2,48,35,RR,1,0.393922
25,1,1,35,VV,1,0.508072
25,1,2,25,RV,1,0.358409
25,1,3,30,RR,1,0.489201
25,1,6,45,RR,1,0.635995
25,1,7,45,VV,0,0.599494
25,1,8,30,RR,0,0.456141
25,1,9,55,RV,1,0.762701
25,1,10,40,RV,1,0.502729
25,1,11,40,RV,0,0.525843
25,1,12,50,RR,1,0.720295
25,1,13,40,RR,0,0.603288
25,1,14,35,RR,1,0.463725
25,1,15,30,RV,1,0.442820
25,1,16,35,RR,0,0.481076
25,1,17,25,RR,1,0.378258
25,1,18,30,RV,0,0.402711
25,1,19,50,RV,0,0.648093
25,1,20,55,RR,0,0.751297
25,1,21,55,VV,0,0.807302
25,1,22,25,VV,1,0.374609
25,1,23,30,VV,0,0.433301
25,1,24,50,VV,0,0.732932
25,1,25,40,RR,1,0.524641
25,1,26,45,RR,0,0.724103
25,1,27,60,RR,1,0.928090
25,1,29,45,RV,1,0.562688
25,1,30,45,VV,1,0.664769
25,1,31,30,VV,1,0.441100
25,1,32,35,RV,0,0.486187
25,1,33,25,RV,0,0.375801
25,1,34,35,RV,1,0.516327
25,1,35,50,VV,1,0.678322
25,1,36,40,VV,1,0.655587
25,1,37,40,VV,0,0.681229
25,1,38,25,VV,0,0.421442
25,1,39,55,RR,1,0.792785
25,1,40,50,RR,0,0.829644
25,1,41,25,RR,0,0.476967
25,1,42,35,VV,0,0.569083
25,1,43,50,RV,1,0.643182
25,1,44,55,VV,1,0.832921
25,1,45,45,RV,0,0.655353
25,1,46,60,RV,1,0.894118
25,1,47,60,VV,0,0.820953
25,1,48,60,RR,0,0.973065
25,2,1,60,RR,0,0.864368
25,2,2,55,RR,1,0.795384
25,2,3,60,RR,1,0.886181
25,2,4,30,VV,1,0.506786
25,2,5,40,VV,1,0.655435
25,2,6,30,RR,1,0.534368
25,2,7,30,RR,0,0.528478
25,2,8,35,VV,0,0.549634
25,2,9,25,RV,1,0.450550
25,2,10,25,VV,0,0.375319
25,2,11,60,VV,1,0.830200
25,2,12,55,VV,1,0.700563
25,2,13,40,VV,0,0.708174
25,2,14,50,VV,1,0.818601
25,2,15,25,RR,0,0.377444
25,2,16,50,RV,0,0.596451
25,2,17,35,RV,1,0.502288
25,2,18,45,VV,0,0.696685
25,2,19,55,VV,0,0.853948
25,2,20,45,RV,1,0.639618
25,2,21,25,RR,1,0.454547
25,2,22,35,RR,0,0.604902
25,2,23,40,RR,0,0.682301
25,2,24,40,RR,1,0.650490
25,2,25,35,RV,0,0.559739
25,2,26,50,RR,0,0.843823
25,2,27,45,RV,0,0.668069
25,2,28,25,VV,1,0.378498
25,2,29,60,VV,0,0.895509
25,2,30,35,RR,1,0.615928
25,2,31,40,RV,0,0.644388
25,2,32,55,RR,0,0.800011
25,2,33,30,VV,0,0.529889
25,2,34,45,VV,1,0.742515
25,2,35,25,RV,0,0.439729
25,2,36,60,RV,0,0.955032
25,2,37,55,RV,1,0.905323
25,2,38,35,VV,1,0.549092
25,2,39,40,RV,1,0.566157
25,2,40,30,RV,0,0.452972
25,2,41,30,RV,1,0.495171
25,2,42,45,RR,1,0.806105
25,2,43,55,RV,0,0.836291
25,2,44,60,RV,1,0.982302
25,2,45,50,VV,0,0.832407
25,2,46,45,RR,0,0.824595
25,2,47,50,RV,1,0.857044
25,2,48,50,RR,1,0.719404
26,1,1,25,RR,1,0.344539
26,1,2,40,RR,1,0.502256
26,1,3,30,VV,0,0.387892
26,1,4,25,VV,0,0.403547
26,1,5,60,VV,0,0.908516
26,1,6,55,RR,1,0.851511
26,1,8,55,RV,0,0.732092
26,1,9,35,VV,1,0.476846
26,1,10,35,RV,1,0.561840
26,1,11,60,RV,1,0.950636
26,1,12,50,RV,1,0.680787
26,1,13,55,RV,1,0.744345
26,1,14,45,RV,1,0.582364
26,1,16,60,RR,0,0.859563
26,1,17,35,RR,1,0.586188
26,1,18,50,VV,1,0.749523
26,1,19,25,RR,0,0.388007
26,1,20,50,VV,0,0.767906
26,1,21,55,VV,0,0.922149
26,1,22,60,RR,1,0.962019
26,1,23,55,RR,0,0.841081
26,1,24,30,RR,0,0.442830
26,1,25,50,RR,1,0.753885
26,1,26,45,RR,0,0.600057
26,1,27,50,RR,0,0.747345
26,1,28,50,RV,0,0.672816
26,1,29,40,RV,1,0.510920
26,1,31,40,VV,0,0.466344
26,1,32,30,RR,1,0.411019
26,1,34,30,VV,1,0.060088
26,1,35,30,RV,0,0.354078
26,1,36,25,RV,1,0.398263
26,1,37,25,VV,1,0.335478
26,1,38,40,VV,1,0.458322
26,1,39,45,RR,1,0.755426
26,1,40,45,RV,0,0.634476
26,1,41,35,RR,0,0.448260
26,1,42,55,VV,1,0.806255
26,1,43,60,RV,0,0.878014
26,1,44,40,RV,0,0.565898
26,1,45,45,VV,1,0.678144
26,1,46,40,RR,0,0.547957
26,1,47,30,RV,1,0.438439
26,1,48,35,RV,0,0.390334
26,2,1,45,VV,1,0.397809
26,2,2,30,VV,1,0.379275
26,2,3,30,RV,0,0.353335
26,2,4,40,RR,0,0.523763
26,2,5,55,RR,1,0.770609
26,2,6,25,RV,0,0.370698
26,2,7,35,RR,1,0.438190
26,2,8,40,RV,1,0.592067
26,2,9,40,VV,1,0.660035
26,2,10,45,RV,1,0.545697
26,2,11,55,VV,1,0.685324
26,2,12,50,RV,0,0.519279
26,2,13,25,VV,1,0.303217
26,2,14,55,RV,0,0.643120
26,2,15,40,RR,1,0.518617
26,2,16,35,RV,1,0.510584
26,2,17,35,VV,0,0.442388
26,2,18,35,RR,0,0.396069
26,2,19,35,VV,1,0.529642
26,2,20,60,RV,1,0.767402
26,2,21,60,RR,0,0.712522
26,2,22,50,RR,0,0.715522
26,2,23,25,VV,0,0.369835
26,2,24,35,RV,0,0.453974
26,2,25,50,RV,1,0.721925
26,2,26,30,RR,1,0.374976
26,2,27,25,RR,0,0.298499
26,2,28,60,VV,0,0.778679
26,2,29,30,RR,0,0.404805
26,2,30,30,VV,0,0.358971
26,2,31,50,VV,1,0.678835
26,2,32,45,RV,0,0.629711
26,2,33,45,RR,1,0.576400
26,2,34,45,RR,0,0.664010
26,2,35,60,VV,1,0.852480
26,2,36,60,RR,1,0.796774
26,2,37,30,RV,1,0.461992
26,2,38,25,RR,1,0.350842
26,2,39,45,VV,0,0.624244
26,2,40,50,RR,1,0.715946
26,2,41,40,RV,0,0.370455
26,2,42,60,RV,0,0.866037
26,2,43,55,VV,0,0.795994
26,2,44,40,VV,0,0.535064
26,2,45,55,RR,0,0.762297
26,2,46,50,VV,0,0.655609
26,2,47,55,RV,1,0.867134
26,2,48,25,RV,1,0.374651
27,1,1,40,VV,0,0.345818
27,1,2,50,RR,0,0.359697
27,1,3,25,RR,1,0.207468
27,1,4,35,VV,1,0.264651
27,1,5,40,RR,0,0.275980
27,1,6,45,VV,0,0.315572
27,1,7,55,RR,1,0.555233
27,1,8,50,RV,1,0.477304
27,1,9,60,RV,1,0.524696
27,1,10,50,RV,0,0.427204
27,1,11,45,RV,0,0.334075
27,1,12,60,VV,0,0.449525
27,1,13,40,RV,0,0.260594
27,1,14,35,RR,0,0.251879
27,1,15,30,VV,1,0.236680
27,1,16,55,VV,1,0.404633
27,1,17,30,RV,0,0.283603
27,1,18,45,VV,1,0.336908
27,1,19,40,RV,1,0.324043
27,1,20,60,RR,0,0.530001
27,1,21,45,RR,0,0.250268
27,1,23,40,RR,1,0.265752
27,1,24,50,VV,0,0.389167
27,1,25,25,RR,0,0.191517
27,1,26,45,RV,1,0.287782
27,1,27,25,RV,0,0.220415
27,1,28,45,RR,1,0.304418
27,1,29,55,RV,1,0.389588
27,1,30,30,RR,0,0.229524
27,1,31,55,RV,0,0.420663
27,1,32,35,RR,1,0.277201
27,1,33,25,RV,1,0.170871
27,1,34,60,VV,1,0.514379
27,1,35,40,VV,1,0.271442
27,1,36,35,RV,1,0.212117
27,1,37,50,RR,1,0.378382
27,1,39,30,VV,0,0.230501
27,1,40,30,RV,1,0.266796
27,1,41,35,RV,0,0.285044
27,1,42,55,RR,0,0.373661
27,1,44,60,RV,0,0.531986
27,1,45,60,RR,1,0.455782
27,1,46,50,VV,1,0.380193
27,1,47,30,RR,1,0.241743
27,1,48,35,VV,0,0.258134
27,2,1,25,VV,1,0.199924
27,2,2,60,RV,1,0.455186
27,2,3,45,RR,1,0.336521
27,2,4,60,RV,0,0.464057
27,2,5,60,RR,0,0.439793
27,2,6,35,RR,1,0.265564
27,2,7,35,RV,1,0.188008
27,2,8,60,VV,0,0.435862
27,2,9,50,RV,1,0.363911
27,2,10,50,RR,0,0.355342
27,2,11,40,RV,1,0.310399
27,2,12,25,VV,0,0.205105
27,2,13,35,VV,0,0.186048
27,2,14,45,RV,0,0.350132
27,2,15,50,VV,0,0.343985
27,2,16,25,RV,0,0.195894
27,2,17,30,RV,1,0.223781
27,2,18,40,VV,1,0.375987
27,2,19,35,RV,0,0.252970
27,2,20,45,RR,0,0.246689
27,2,21,55,RV,1,0.440821
27,2,22,25,RR,1,0.178334
27,2,23,25,RR,0,0.222722
27,2,24,50,RR,1,0.418118
27,2,25,35,VV,1,0.274779
27,2,26,45,RV,1,0.305179
27,2,27,40,VV,0,0.276907
27,2,28,55,RR,1,0.445416
27,2,29,45,VV,1,0.352723
27,2,30,30,RV,0,0.214780
27,2,31,25,RV,1,0.202783
27,2,32,60,VV,1,0.448220
27,2,33,55,RV,0,0.382910
27,2,34,35,RR,0,0.268346
27,2,35,40,RR,1,0.302351
27,2,36,55,VV,0,0.422227
27,2,37,40,RV,0,0.319105
27,2,38,50,RV,0,0.385436
27,2,39,30,VV,0,0.202153
27,2,40,45,VV,0,0.349959
27,2,41,60,RR,1,0.381975
27,2,42,30,RR,1,0.226365
27,2,43,40,RR,0,0.400854
27,2,44,55,VV,1,0.381362
27,2,46,30,VV,1,0.238604
27,2,47,30,RR,0,0.223611
27,2,48,50,VV,1,0.330937
28,1,1,35,RR,1,0.292555
28,1,2,45,RR,0,0.482181
28,1,3,45,VV,1,0.454477
28,1,4,40,RV,0,0.505417
28,1,5,25,RV,1,0.245716
28,1,6,30,VV,1,0.289649
28,1,7,30,RR,0,0.295100
28,1,8,50,VV,0,0.524975
28,1,9,30,RV,0,0.304697
28,1,10,35,RV,1,0.338768
28,1,11,50,RR,1,0.643203
28,1,13,55,RR,1,0.723301
28,1,14,55,VV,0,0.750348
28,1,15,50,VV,1,0.548944
28,1,16,60,RV,1,0.725823
28,1,17,30,RR,1,0.319189
28,1,19,35,VV,1,0.394503
28,1,20,35,RV,0,0.343033
28,1,21,25,VV,1,0.213555
28,1,22,45,RV,1,0.496461
28,1,23,60,RR,1,0.622667
28,1,24,25,RR,0,0.338105
28,1,25,35,RR,0,0.350991
28,1,26,60,VV,1,0.656216
28,1,27,60,RR,0,0.787177
28,1,28,55,VV,1,0.757590
28,1,29,35,VV,0,0.274927
28,1,30,45,VV,0,0.452032
28,1,31,55,RR,0,0.625236
28,1,33,30,RV,1,0.233344
28,1,34,25,VV,0,0.206776
28,1,35,45,RR,1,0.508735
28,1,37,60,VV,0,0.820690
28,1,38,40,RR,0,0.363276
28,1,39,40,RR,1,0.356512
28,1,40,55,RV,0,0.711735
28,1,41,25,RV,0,0.288422
28,1,42,40,RV,1,0.535994
28,1,43,50,RR,0,0.589789
28,1,44,50,RV,1,0.631258
28,1,45,45,RV,0,0.539620
28,1,46,25,RR,1,0.226349
28,1,47,30,VV,0,0.325009
28,2,1,25,VV,1,0.265397
28,2,2,60,RR,1,0.659971
28,2,3,45,RV,1,0.427433
28,2,6,50,RR,0,0.486782
28,2,7,35,VV,1,0.330234
28,2,8,25,RR,1,0.257801
28,2,9,45,RR,1,0.491458
28,2,10,60,RV,0,0.728417
28,2,11,40,VV,1,0.418048
28,2,12,50,RV,0,0.566683
28,2,13,55,RR,1,0.699706
28,2,14,35,RR,1,0.314608
28,2,16,25,RV,1,0.273242
28,2,17,45,VV,1,0.520901
28,2,18,30,VV,1,0.334123
28,2,19,55,RV,1,0.632437
28,2,20,30,RR,0,0.259064
28,2,21,25,RR,0,0.265603
28,2,22,35,VV,0,0.384274
28,2,23,45,VV,0,0.519572
28,2,24,55,RV,0,0.699019
28,2,25,50,RR,1,0.481003
28,2,26,60,VV,0,0.640497
28,2,27,25,VV,0,0.231534
28,2,28,35,RR,0,0.355345
28,2,29,35,RV,1,0.414007
28,2,30,30,RR,1,0.332051
28,2,31,30,RV,1,0.360280
28,2,32,60,RR,0,0.814251
28,2,33,40,VV,0,0.379336
28,2,34,60,RV,1,0.723173
28,2,35,55,RR,0,0.684741
28,2,37,40,RR,1,0.444857
28,2,38,45,RV,0,0.675483
28,2,39,30,VV,0,0.335038
28,2,40,30,RV,0,0.441606
28,2,41,50,VV,0,0.617599
28,2,42,40,RV,1,0.397454
28,2,43,45,RR,0,0.527942
28,2,44,40,RR,0,0.451877
28,2,45,50,VV,1,0.582880
28,2,46,50,RV,1,0.508359
28,2,48,55,VV,0,0.582259
30,1,1,25,RV,1,0.290493
30,1,2,45,VV,1,0.530634
30,1,3,60,VV,0,0.738369
30,1,4,30,RR,0,0.326886
30,1,6,50,RR,1,0.556688
30,1,7,35,VV,1,0.354862
30,1,8,30,RV,1,0.299206
30,1,9,25,RR,1,0.262379
30,1,10,55,RR,0,0.646769
30,1,11,30,VV,0,0.356889
30,1,12,45,RV,1,0.515656
30,1,14,35,RR,0,0.339855
30,1,15,55,RV,0,0.650067
30,1,16,55,VV,1,0.728109
30,1,17,30,VV,1,0.370108
30,1,18,55,VV,0,0.395975
30,1,19,40,RR,1,0.443640
30,1,20,25,VV,1,0.273882
30,1,21,50,VV,1,0.597440
30,1,22,50,VV,0,0.690462
30,1,23,60,VV,1,0.839670
30,1,24,30,RR,1,0.345578
30,1,25,25,VV,0,0.366398
30,1,26,40,RR,0,0.559908
30,1,27,60,RR,0,0.820284
30,1,28,35,RV,1,0.464712
30,1,29,60,RV,0,0.801887
30,1,30,60,RV,1,0.722110
30,1,31,50,RR,0,0.804637
30,1,32,40,VV,0,0.508654
30,1,33,35,RV,0,0.480642
30,1,34,45,RR,1,0.636068
30,1,35,30,RV,0,0.413301
30,1,36,40,RV,0,0.517629
30,1,37,55,RR,1,0.779183
30,1,38,25,RR,0,0.323090
30,1,39,40,RV,1,0.510027
30,1,40,45,RV,0,0.664590
30,1,41,40,VV,1,0.521170
30,1,42,45,RR,0,0.626352
30,1,43,25,RV,0,0.325951
30,1,44,60,RR,1,0.850505
30,1,45,55,RV,1,0.750234
30,1,46,35,RR,1,0.511887
30,1,47,50,RV,1,0.655528
30,1,48,45,VV,0,0.618484
30,2,1,55,RR,0,0.741141
30,2,2,35,RR,1,0.398073
30,2,3,40,VV,0,0.571315
30,2,4,35,RV,0,0.523085
30,2,5,45,RV,0,0.562524
30,2,6,30,RV,0,0.415341
30,2,7,45,RR,0,0.563058
30,2,8,45,RR,1,0.616176
30,2,9,60,RV,1,0.848298
30,2,10,30,VV,0,0.289383
30,2,11,45,VV,1,0.703280
30,2,12,60,RR,0,0.795888
30,2,13,40,RV,1,0.491814
30,2,14,35,RR,0,0.394635
30,2,15,40,RR,0,0.512579
30,2,16,60,RR,1,0.842017
30,2,17,50,RR,0,0.706090
30,2,18,50,RV,1,0.778512
30,2,19,50,RV,0,0.698668
30,2,21,35,VV,1,0.228562
30,2,22,55,RV,1,0.758368
30,2,23,40,RR,1,0.516727
30,2,24,50,RR,1,0.677982
30,2,25,25,RR,1,0.279752
30,2,28,55,RV,0,0.714206
30,2,29,25,RV,1,0.321139
30,2,30,30,VV,1,0.389702
30,2,31,60,VV,0,0.515594
30,2,32,25,RV,0,0.298655
30,2,33,50,VV,1,0.655209
30,2,34,45,RV,1,0.618049
30,2,36,25,VV,0,0.337574
30,2,37,35,RV,1,0.432800
30,2,38,40,RV,0,0.519062
30,2,39,35,VV,0,0.446222
30,2,40,30,RV,1,0.402419
30,2,41,25,RR,0,0.262828
30,2,42,45,VV,0,0.645953
30,2,43,55,VV,0,0.734054
30,2,44,55,RR,1,0.840153
30,2,45,30,RR,0,0.388241
30,2,46,60,VV,1,0.761397
30,2,47,55,VV,1,0.732012
30,2,48,25,VV,1,0.307941
32,1,1,50,RR,0,0.555153
32,1,2,35,RR,1,0.377240
32,1,3,25,RR,1,0.275808
32,1,4,40,RV,1,0.432926
32,1,5,40,RR,0,0.469407
32,1,6,25,RV,0,0.304542
32,1,7,60,VV,1,0.509036
32,1,8,50,VV,1,0.583892
32,1,9,60,RR,0,0.803831
32,1,10,50,RV,0,0.621074
32,1,11,35,VV,0,0.435487
32,1,12,25,VV,1,0.278737
32,1,13,60,VV,0,0.727388
32,1,14,45,RR,1,0.598572
32,1,15,45,VV,0,0.527593
32,1,16,55,VV,0,0.510298
32,1,17,40,RR,1,0.521184
32,1,18,60,RR,1,0.861647
32,1,19,30,VV,1,0.329357
32,1,20,25,VV,0,0.314964
32,1,21,55,RR,1,0.686862
32,1,22,30,RV,1,0.364616
32,1,24,55,RV,0,0.745908
32,1,25,50,RR,1,0.644791
32,1,26,55,VV,1,0.728574
32,1,27,45,RV,1,0.546544
32,1,28,30,RR,1,0.416730
32,1,30,30,RV,0,0.451624
32,1,31,45,RR,0,0.607206
32,1,32,35,RR,0,0.525070
32,1,33,55,RV,1,0.750707
32,1,34,35,VV,1,0.432469
32,1,35,40,VV,0,0.481772
32,1,36,45,VV,1,0.603096
32,1,37,35,RV,0,0.475095
32,1,39,45,RV,0,0.606704
32,1,40,55,RR,0,0.775213
32,1,41,60,RV,1,0.854165
32,1,42,35,RV,1,0.600801
32,1,43,30,RR,0,0.446476
32,1,45,25,RR,0,0.324577
32,1,46,50,RV,1,0.704638
32,1,47,40,RV,0,0.504116
32,1,48,30,VV,0,0.330849
32,2,1,30,RR,0,0.360710
32,2,2,25,RR,1,0.386701
32,2,3,25,VV,0,0.122327
32,2,4,60,RV,0,0.752013
32,2,5,60,RR,1,0.846925
32,2,6,50,RR,1,0.715540
32,2,7,25,RV,1,0.370152
32,2,8,30,VV,1,0.336296
32,2,9,50,RR,0,0.687388
32,2,11,45,RR,1,0.605061
32,2,12,30,RR,1,0.391181
32,2,13,50,RV,0,0.589377
32,2,15,55,VV,1,0.547476
32,2,16,60,RR,0,0.754449
32,2,17,35,RR,0,0.454275
32,2,18,45,VV,1,0.578007
32,2,19,60,VV,1,0.692272
32,2,20,50,VV,0,0.591275
32,2,21,35,VV,1,0.434896
32,2,22,25,VV,1,0.316842
32,2,23,45,VV,0,0.531589
32,2,24,40,VV,1,0.565405
32,2,25,55,RR,0,0.716990
32,2,26,35,RV,0,0.491498
32,2,27,45,RR,0,0.638751
32,2,28,50,VV,1,0.594589
32,2,29,25,RR,0,0.356896
32,2,30,55,RR,1,0.766326
32,2,31,60,RV,1,0.815443
32,2,33,50,RV,1,0.613837
32,2,34,55,RV,0,0.542557
32,2,35,45,RV,1,0.593690
32,2,36,40,RR,0,0.520054
32,2,37,40,RV,0,0.493841
32,2,38,40,RR,1,0.539295
32,2,39,55,RV,1,0.833121
32,2,41,60,VV,0,0.957663
32,2,42,35,RV,1,0.504983
32,2,43,35,RR,1,0.476147
32,2,44,30,RV,1,0.328187
32,2,45,40,VV,0,0.444528
32,2,46,30,RV,0,0.291077
32,2,47,30,VV,0,0.339970
32,2,48,35,VV,0,0.394682
34,1,1,30,RR,0,0.342377
34,1,2,45,VV,0,0.498009
34,1,3,35,RV,1,0.509324
34,1,4,25,VV,1,0.299812
34,1,5,25,RV,1,0.371866
34,1,6,40,RR,0,0.552210
34,1,7,25,RR,1,0.324439
34,1,8,60,RV,1,0.777017
34,1,9,30,RV,1,0.457737
34,1,10,35,RR,1,0.572538
34,1,11,40,RR,1,0.575986
34,1,12,60,VV,1,0.769764
34,1,13,50,VV,1,0.660959
34,1,14,35,VV,1,0.426639
34,1,15,30,RV,0,0.402146
34,1,16,30,VV,0,0.390260
34,1,17,55,RV,0,0.737317
34,1,18,50,RR,0,0.789141
34,1,19,45,RV,0,0.598012
34,1,20,60,RR,0,0.871215
34,1,21,55,RR,0,0.683507
34,1,22,55,VV,0,0.764547
34,1,23,30,VV,1,0.442555
34,1,24,50,RR,1,0.698359
34,1,25,35,RR,0,0.424222
34,1,26,30,RR,1,0.398897
34,1,27,50,VV,0,0.647082
34,1,28,25,RV,0,0.367567
34,1,29,45,VV,1,0.515778
34,1,30,55,RV,1,0.850177
34,1,31,25,VV,0,0.285549
34,1,32,45,RR,0,0.484012
34,1,33,40,RV,0,0.519448
34,1,34,50,RV,1,0.694512
34,1,35,60,RR,1,0.840815
34,1,36,35,VV,0,0.432012
34,1,37,55,VV,1,0.537477
34,1,38,25,RR,0,0.276801
34,1,39,35,RV,0,0.438325
34,1,40,45,RV,1,0.539059
34,1,41,45,RR,1,0.636519
34,1,42,40,RV,1,0.593859
34,1,43,40,VV,0,0.515557
34,1,44,40,VV,1,0.522124
34,1,45,50,RV,0,0.594017
34,1,46,60,RV,0,0.840992
34,1,47,55,RR,1,0.910375
34,1,48,60,VV,0,0.830032
34,2,1,50,VV,0,0.561744
34,2,2,55,RV,0,0.802500
34,2,3,40,RV,1,0.544628
34,2,4,45,RR,1,0.589021
34,2,5,30,VV,0,0.315011
34,2,6,45,RR,0,0.474767
34,2,7,25,RV,1,0.370207
34,2,8,55,VV,1,0.685225
34,2,9,40,RV,0,0.449526
34,2,10,30,RR,1,0.358439
34,2,11,50,VV,1,0.612952
34,2,12,35,VV,0,0.473529
34,2,13,25,RV,0,0.328904
34,2,14,40,VV,0,0.472765
34,2,15,35,RR,0,0.437241
34,2,16,30,RV,1,0.359641
34,2,17,55,RR,1,0.745394
34,2,18,35,VV,1,0.417702
34,2,19,40,VV,1,0.537039
34,2,20,55,VV,0,0.646634
34,2,21,25,VV,0,0.307560
34,2,22,55,RV,1,0.619450
34,2,23,35,RV,1,0.437329
34,2,24,30,VV,1,0.382567
34,2,25,60,RR,0,0.746526
34,2,26,30,RR,0,0.372969
34,2,27,45,RV,1,0.568748
34,2,28,35,RR,1,0.387183
34,2,30,60,VV,1,0.764284
34,2,31,40,RR,1,0.496271
34,2,32,50,RV,1,0.684219
34,2,33,40,RR,0,0.533716
34,2,34,60,RV,1,0.768093
34,2,35,50,RV,0,0.575616
34,2,36,50,RR,0,0.676331
34,2,37,25,RR,0,0.287190
34,2,38,30,RV,0,0.351797
34,2,39,55,RR,0,0.737112
34,2,40,60,RR,1,0.762038
34,2,41,45,RV,0,0.542197
34,2,42,45,VV,1,0.595626
34,2,43,25,RR,1,0.349805
34,2,44,50,RR,1,0.635306
34,2,45,35,RV,0,0.437484
34,2,46,60,RV,0,0.815853
34,2,47,60,VV,0,0.867996
34,2,48,25,VV,1,0.324619
36,1,1,35,RR,1,0.334137
36,1,2,25,RV,1,0.246637
36,1,3,35,RV,1,0.321242
36,1,5,60,RR,1,0.737011
36,1,6,35,RV,0,0.589639
36,1,7,50,RV,0,0.653329
36,1,8,30,RV,1,0.403249
36,1,11,55,RR,1,0.685571
36,1,12,25,VV,1,0.338378
36,1,13,40,VV,1,0.481789
36,1,14,25,RR,0,0.343364
36,1,15,55,RV,0,0.701120
36,1,16,45,VV,0,0.472780
36,1,17,30,RR,1,0.354279
36,1,18,40,RR,1,0.499970
36,1,21,45,VV,1,0.670920
36,1,22,50,RR,1,0.660369
36,1,23,55,VV,1,0.730143
36,1,24,40,VV,0,0.651572
36,1,25,25,RV,0,0.222632
36,1,26,55,VV,0,0.553585
36,1,27,55,RR,0,0.628869
36,1,28,40,RR,0,0.498473
36,1,29,45,RV,1,0.595272
36,1,30,60,VV,1,0.795540
36,1,31,35,VV,0,0.671937
36,1,32,50,RV,1,0.622954
36,1,33,25,RR,1,0.349285
36,1,34,50,VV,1,0.678979
36,1,35,40,RV,1,0.617126
36,1,37,30,RR,0,0.421207
36,1,38,45,RR,0,0.664302
36,1,39,60,RR,0,0.834023
36,1,40,40,RV,0,0.617973
36,1,41,55,RV,1,0.780408
36,1,42,60,RV,1,0.792918
36,1,43,50,RR,0,0.655266
36,1,44,25,VV,0,0.329145
36,1,45,35,RR,0,0.412960
36,1,46,45,RR,1,0.578531
36,1,48,35,VV,1,0.440417
36,2,1,25,RV,0,0.301935
36,2,2,60,RR,1,0.747494
36,2,3,35,VV,1,0.440418
36,2,4,40,RR,0,0.509593
36,2,5,40,VV,1,0.563472
36,2,6,35,VV,0,0.526790
36,2,7,35,RV,0,0.532901
36,2,8,30,VV,0,0.445977
36,2,9,30,RV,1,0.440178
36,2,10,55,VV,1,0.751776
36,2,11,30,VV,1,0.317835
36,2,12,35,RR,0,0.417650
36,2,13,55,VV,0,0.818551
36,2,14,40,VV,0,0.711612
36,2,15,25,VV,0,0.711389
36,2,16,30,RR,1,0.482161
36,2,17,30,RR,0,0.460613
36,2,18,30,RV,0,0.423919
36,2,19,50,VV,0,0.473408
36,2,20,45,RV,0,0.581179
36,2,21,45,VV,1,0.586895
36,2,22,25,RR,0,0.232664
36,2,23,60,VV,0,0.758010
36,2,24,45,RR,0,0.649135
36,2,25,50,RV,1,0.610135
36,2,26,45,VV,0,0.655536
36,2,27,55,RV,1,0.740629
36,2,28,35,RV,1,0.488131
36,2,29,40,RV,0,0.553567
36,2,30,55,RV,0,0.760773
36,2,31,50,RR,0,0.729326
36,2,32,50,RR,1,0.688570
36,2,33,60,RV,1,0.881237
36,2,34,50,VV,1,0.623867
36,2,35,25,RV,1,0.313265
36,2,36,50,RV,0,0.739261
36,2,37,35,RR,1,0.499866
36,2,38,60,VV,1,0.849055
36,2,39,60,RV,0,0.837979
36,2,40,40,RV,1,0.333420
36,2,41,55,RR,1,0.694754
36,2,42,25,VV,1,0.337719
36,2,43,55,RR,0,0.725863
36,2,44,40,RR,1,0.518406
36,2,45,60,RR,0,0.843832
36,2,46,25,RR,1,0.295491
36,2,47,45,RR,1,0.666495
36,2,48,45,RV,1,0.622125
37,1,1,50,VV,0,0.538555
37,1,2,40,RV,0,0.417021
37,1,3,30,RV,1,0.367211
37,1,4,60,RR,1,0.804522
37,1,5,50,RR,0,0.586405
37,1,6,40,VV,1,0.414238
37,1,7,40,VV,0,0.434474
37,1,8,30,RV,0,0.292976
37,1,9,35,RR,1,0.354297
37,1,10,40,RV,1,0.459968
37,1,11,60,RR,0,0.844096
37,1,12,60,VV,1,0.702988
37,1,13,55,RV,1,0.705954
37,1,15,50,RV,0,0.533386
37,1,16,45,RV,1,0.538535
37,1,17,55,RR,0,0.714188
37,1,18,30,VV,0,0.329336
37,1,19,35,RR,0,0.342936
37,1,20,25,RV,0,0.275905
37,1,21,60,VV,0,0.777186
37,1,22,45,RV,0,0.469958
37,1,23,60,RV,1,0.889588
37,1,24,30,VV,1,0.270595
37,1,25,60,RV,0,0.775937
37,1,26,45,VV,0,0.522225
37,1,27,30,RR,1,0.369352
37,1,29,45,VV,1,0.466447
37,1,30,50,VV,1,0.503355
37,1,31,50,RR,1,0.629099
37,1,32,35,RV,0,0.339605
37,1,33,40,RR,1,0.375736
37,1,34,35,RV,1,0.382930
37,1,35,55,RR,1,0.776379
37,1,36,25,VV,1,0.303019
37,1,37,40,RR,0,0.564448
37,1,38,35,VV,0,0.386222
37,1,39,55,RV,0,0.531699
37,1,40,25,VV,0,0.316438
37,1,41,45,RR,0,0.545320
37,1,42,55,VV,0,0.645513
37,1,44,30,RR,0,0.291923
37,1,45,25,RR,1,0.238856
37,1,46,45,RR,1,0.568632
37,1,47,35,VV,1,0.397765
37,1,48,25,RR,0,0.284027
37,2,1,35,VV,1,0.383106
37,2,2,40,RR,1,0.398099
37,2,4,40,RV,0,0.384899
37,2,5,55,RR,1,0.697379
37,2,6,45,RV,1,0.631721
37,2,7,35,RR,1,0.402295
37,2,8,50,RR,0,0.585335
37,2,9,35,RR,0,0.404310
37,2,10,30,RR,1,0.366336
37,2,11,55,RR,0,0.780870
37,2,13,25,RV,1,0.268426
37,2,14,30,RV,0,0.325591
37,2,15,25,RR,1,0.260367
37,2,16,50,RV,1,0.598003
37,2,18,45,RR,0,0.562953
37,2,19,60,RV,1,0.946150
37,2,20,55,RV,1,0.866196
37,2,21,30,RR,0,0.277342
37,2,22,30,VV,0,0.331965
37,2,23,25,VV,1,0.292854
37,2,24,25,VV,0,0.232360
37,2,25,35,RV,0,0.373981
37,2,26,40,RR,0,0.439900
37,2,27,60,VV,1,0.923484
37,2,28,40,RV,1,0.632916
37,2,29,60,RR,0,0.662453
37,2,31,25,RV,0,0.229259
37,2,32,35,VV,0,0.359338
37,2,33,50,VV,0,0.613252
37,2,34,60,VV,0,0.968273
37,2,35,55,VV,0,0.619196
37,2,36,55,RV,0,0.664368
37,2,37,25,RR,0,0.272399
37,2,38,30,RV,1,0.419474
37,2,39,30,VV,1,0.400464
37,2,40,40,VV,1,0.474460
37,2,41,35,RV,1,0.453009
37,2,42,60,RR,1,0.943653
37,2,43,50,RV,0,0.714172
37,2,44,45,VV,0,0.592983
37,2,45,45,RR,1,0.524103
37,2,46,55,VV,1,0.649873
37,2,47,45,VV,1,0.631778
37,2,48,50,RR,1,0.751295
39,1,1,30,RV,1,0.482557
39,1,2,55,RR,0,0.904091
39,1,3,35,VV,1,0.560704
39,1,4,45,RR,1,0.734445
39,1,5,60,RR,1,0.921054
39,1,6,25,RV,0,0.384871
39,1,7,45,VV,1,0.777020
39,1,8,55,RV,0,0.755144
39,1,9,40,RR,0,0.687530
39,1,10,35,VV,0,0.789267
39,1,11,60,VV,0,0.860192
39,1,12,55,RR,1,0.900887
39,1,13,50,RV,1,0.932417
39,1,14,35,RR,1,0.745344
39,1,15,40,RR,1,0.679054
39,1,16,35,RR,0,0.552960
39,1,17,25,RR,1,0.430210
39,1,18,30,VV,0,0.510907
39,1,19,35,RV,1,0.638064
39,1,20,35,RV,0,0.576905
39,1,21,55,VV,0,0.885558
39,1,22,45,RV,1,0.775064
39,1,23,50,RV,0,0.688812
39,1,24,45,RR,0,0.626598
39,1,25,60,RV,1,0.990207
39,1,26,45,RV,0,0.622167
39,1,27,60,RR,0,1.164171
39,1,28,40,RV,0,0.656208
39,1,29,25,VV,0,0.406844
39,1,30,40,VV,0,0.643994
39,1,31,30,RR,0,0.611941
39,1,32,50,RR,1,0.762387
39,1,33,45,VV,0,0.832230
39,1,35,40,VV,1,0.703732
39,1,36,60,VV,1,0.908709
39,1,37,55,VV,1,0.767985
39,1,38,25,RR,0,0.468725
39,1,39,40,RV,1,0.640335
39,1,43,50,VV,1,0.759786
39,1,44,30,RR,1,0.582561
39,1,45,30,VV,1,0.466678
39,1,46,50,RR,0,0.816054
39,1,47,25,RV,1,0.475694
39,1,48,25,VV,1,0.447315
39,2,1,45,RV,0,0.486362
39,2,2,45,RR,0,0.689226
39,2,3,60,RR,1,0.950444
39,2,4,25,RR,1,0.468781
39,2,5,25,RR,0,0.422848
39,2,6,55,VV,0,0.756349
39,2,7,55,RR,0,0.926106
39,2,8,30,RV,1,0.553807
39,2,9,55,RV,1,0.894300
39,2,10,50,RR,1,0.883593
39,2,11,40,RR,1,0.795033
39,2,12,60,RV,1,1.012952
39,2,13,50,RR,0,0.800235
39,2,15,25,VV,0,0.400343
39,2,16,45,RV,1,0.664453
39,2,17,35,VV,1,0.464379
39,2,18,30,RR,0,0.666514
39,2,19,45,RR,1,0.897478
39,2,20,40,RV,1,0.711488
39,2,21,55,RR,1,0.748018
39,2,22,25,VV,1,0.470297
39,2,23,25,RV,1,0.443682
39,2,24,30,VV,0,0.496989
39,2,25,60,VV,1,0.848496
39,2,26,60,RR,0,0.912769
39,2,28,35,RR,1,0.525194
39,2,29,60,VV,0,0.847667
39,2,30,30,RV,0,0.519277
39,2,31,40,RR,0,0.647493
39,2,32,45,VV,1,0.750602
39,2,33,45,VV,0,0.651304
39,2,34,35,RR,0,0.560628
39,2,35,25,RV,0,0.414009
39,2,36,50,VV,1,0.729346
39,2,37,50,RV,0,0.735204
39,2,38,35,RV,0,0.516472
39,2,39,55,VV,1,0.810568
39,2,40,55,RV,0,0.814692
39,2,41,50,RV,1,0.887656
39,2,42,30,RR,1,0.518236
39,2,43,40,VV,1,0.666346
39,2,44,30,VV,1,0.591398
39,2,45,50,VV,0,0.159185
39,2,46,60,RV,0,0.650464
39,2,47,35,RV,1,0.628081
40,1,1,50,VV,1,0.528029
40,1,2,35,VV,0,0.466957
40,1,3,40,RR,1,0.478722
40,1,4,35,RV,0,0.387963
40,1,5,45,RR,0,0.586921
40,1,6,30,RR,0,0.385780
40,1,7,30,RR,1,0.325944
40,1,8,60,RV,0,0.817924
40,1,9,25,VV,1,0.321383
40,1,10,35,RV,1,0.443677
40,1,11,60,RR,1,0.853414
40,1,14,55,RV,0,0.665789
40,1,15,30,RV,0,0.509825
40,1,16,50,RV,1,0.653668
40,1,17,60,VV,0,0.725040
40,1,18,45,RR,1,0.511300
40,1,19,30,RV,1,0.416276
40,1,20,55,VV,1,0.611628
40,1,21,50,RR,0,0.589446
40,1,22,40,RV,1,0.528688
40,1,23,40,VV,1,0.479613
40,1,24,40,RR,0,0.503382
40,1,25,45,RV,0,0.603017
40,1,26,30,VV,0,0.329193
40,1,27,50,RR,1,0.531594
40,1,28,45,VV,0,0.524772
40,1,29,25,RV,0,0.324759
40,1,30,55,VV,0,0.587935
40,1,31,40,VV,0,0.441935
40,1,32,50,RV,0,0.611506
40,1,33,45,RV,1,0.621070
40,1,34,40,RV,0,0.454264
40,1,35,35,RR,1,0.408863
40,1,36,25,RV,1,0.402212
40,1,37,60,RV,1,0.920669
40,1,38,35,RR,0,0.463999
40,1,39,25,RR,1,0.298490
40,1,41,35,VV,1,0.428144
40,1,42,55,RR,0,0.726423
40,1,43,55,RR,1,0.761947
40,1,44,60,VV,1,0.768693
40,1,45,25,RR,0,0.321985
40,1,46,55,RV,1,0.672827
40,1,48,60,RR,0,0.700223
40,2,1,30,RR,0,0.450438
40,2,2,40,RR,1,0.515490
40,2,3,30,RV,1,0.484481
40,2,4,55,RR,1,0.726128
40,2,5,60,RV,1,0.887862
40,2,6,55,RV,0,0.625584
40,2,7,50,VV,0,0.658536
40,2,8,60,VV,0,0.874198
40,2,9,25,VV,1,0.335219
40,2,10,40,RV,1,0.559519
40,2,11,55,RR,0,0.731276
40,2,12,30,VV,0,0.375723
40,2,13,30,VV,1,0.385397
40,2,14,55,RV,1,0.776298
40,2,15,30,RV,0,0.401286
40,2,16,25,RR,1,0.358856
40,2,17,40,RR,0,0.529673
40,2,18,40,VV,1,0.487139
40,2,19,40,VV,0,0.477798
40,2,20,40,RV,0,0.483083
40,2,21,55,VV,0,0.678521
40,2,22,30,RR,1,0.403228
40,2,23,50,RV,0,0.635100
40,2,24,25,RV,0,0.336858
40,2,25,55,VV,1,0.669049
40,2,26,45,RR,0,0.570527
40,2,27,35,RR,0,0.502342
40,2,28,50,RR,1,0.664235
40,2,29,45,RR,1,0.626110
40,2,30,45,VV,0,0.579871
40,2,31,60,RR,0,0.823959
40,2,32,35,VV,1,0.488591
40,2,33,50,RV,1,0.787627
40,2,34,35,RV,0,0.481488
40,2,35,60,VV,1,0.750651
40,2,36,60,RV,0,0.737127
40,2,37,25,VV,0,0.321640
40,2,38,35,RV,1,0.517001
40,2,39,35,VV,0,0.440226
40,2,40,60,RR,1,0.817012
40,2,41,25,RR,0,0.336952
40,2,42,35,RR,1,0.435943
40,2,43,25,RV,1,0.414519
40,2,44,45,RV,1,0.608306
40,2,45,50,VV,1,0.696917
40,2,46,50,RR,0,0.719258
40,2,47,45,VV,1,0.564304
40,2,48,45,RV,0,0.544135
41,1,1,50,RR,1,0.565310
41,1,2,30,RV,1,0.456014
41,1,3,55,RV,1,0.687624
41,1,4,60,RR,1,0.733733
41,1,5,30,VV,0,0.419059
41,1,6,60,VV,0,0.656312
41,1,7,35,RR,1,0.403028
41,1,8,35,VV,0,0.580500
41,1,9,35,RR,0,0.356087
41,1,10,25,RV,0,0.366692
41,1,11,25,VV,0,0.342630
41,1,12,25,RR,0,0.337972
41,1,13,40,RR,1,0.475991
41,1,16,30,RV,0,0.364250
41,1,17,45,VV,0,0.531037
41,1,18,60,VV,1,0.699458
41,1,19,30,RR,0,0.249957
41,1,20,45,VV,1,0.510238
41,1,21,50,VV,0,0.541571
41,1,22,35,RV,0,0.460757
41,1,23,55,RV,0,0.616496
41,1,24,50,RV,1,0.693542
41,1,25,25,RV,1,0.417542
41,1,26,50,RV,0,0.640811
41,1,27,45,RV,1,0.607301
41,1,28,60,RV,1,0.737755
41,1,30,35,VV,1,0.417138
41,2,1,35,VV,0,0.179268
41,2,2,30,VV,1,0.442941
41,2,3,55,VV,0,0.150519
41,2,4,60,VV,0,0.528261
41,2,5,50,VV,0,0.285649
41,2,6,45,VV,0,0.285203
41,2,7,35,RV,0,0.523001
41,2,8,30,RV,1,0.286589
41,2,9,55,RR,1,0.409605
41,2,10,40,VV,0,0.531962
41,2,11,25,VV,0,0.309533
41,2,12,40,RV,1,0.523285
41,2,13,50,VV,1,0.587442
41,2,14,30,RR,1,0.211295
41,2,15,25,RR,0,0.348750
41,2,17,35,RR,1,0.418120
41,2,18,35,RV,1,0.533726
41,2,19,25,RV,1,0.425045
41,2,20,40,RR,0,0.536911
41,2,21,45,RV,0,0.169271
41,2,22,60,RV,0,0.779729
41,2,23,45,VV,1,0.573635
41,2,24,40,VV,1,0.541104
41,2,25,55,RV,0,0.738025
41,2,26,30,RV,0,0.483298
41,2,27,25,RR,1,0.384424
41,2,28,25,RV,0,0.418849
41,2,29,50,RV,1,0.622424
41,2,30,60,RV,1,0.308439
41,2,31,40,RR,1,0.546901
41,2,32,50,RR,0,0.642409
41,2,33,30,RR,0,0.398375
41,2,34,35,VV,1,0.315354
41,2,35,35,RR,0,0.506750
41,2,36,60,RR,0,0.334282
41,2,37,60,RR,1,0.856411
41,2,38,45,RR,1,0.442099
41,2,39,55,RV,1,0.670617
41,2,40,40,RV,0,0.599275
41,2,41,45,RV,1,0.644153
41,2,42,25,VV,1,0.355023
41,2,43,55,RR,0,0.677003
41,2,46,45,RR,0,0.596453
41,2,47,50,RR,1,0.292262
49,1,1,50,RR,1,0.597007
49,1,2,40,RV,0,0.547098
49,1,4,25,RV,1,0.298577
49,1,5,35,RV,1,0.430997
49,1,6,30,RR,1,0.347571
49,1,7,40,RR,0,0.516554
49,1,8,30,VV,0,0.313081
49,1,9,40,VV,1,0.477077
49,1,10,45,VV,0,0.474123
49,1,11,60,VV,1,0.597385
49,1,12,30,RV,1,0.412081
49,1,13,30,VV,1,0.347735
49,1,14,35,RR,1,0.445279
49,1,17,40,RR,1,0.513543
49,1,19,50,VV,0,0.597840
49,1,20,35,RV,0,0.425080
49,1,21,45,RR,0,0.510212
49,1,22,55,VV,1,0.659020
49,1,23,55,RR,0,0.687291
49,1,25,60,RR,0,0.749724
49,1,28,45,RV,0,0.590011
49,1,29,55,RR,1,0.558643
49,1,30,55,RV,1,0.737057
49,1,31,30,RV,0,0.455011
49,1,32,30,RR,0,0.399476
49,1,33,60,VV,0,0.803142
49,1,34,45,RR,1,0.556159
49,1,35,50,RV,1,0.608298
49,1,36,60,RV,1,1.025903
49,1,37,35,VV,1,0.457968
49,1,38,60,RV,0,0.683680
49,1,39,45,RV,1,0.503962
49,1,40,50,RR,0,0.666133
49,1,41,55,RV,0,0.787115
49,1,42,35,RR,0,0.440137
49,1,43,25,RR,0,0.315534
49,1,44,45,VV,1,0.638917
49,1,45,25,VV,0,0.325045
49,1,46,40,RV,1,0.484971
49,1,47,60,RR,1,0.644010
49,1,48,50,RV,0,0.645084
49,2,1,25,RR,1,0.063962
49,2,2,35,RR,1,0.451074
49,2,3,50,VV,0,0.606545
49,2,4,35,VV,0,0.393193
49,2,5,45,RV,0,0.517123
49,2,6,45,VV,0,0.529109
49,2,7,50,RR,1,0.574391
49,2,8,55,RV,0,0.797302
49,2,9,50,RR,0,0.649204
49,2,10,45,RR,0,0.662790
49,2,11,45,RR,1,0.547779
49,2,12,35,RR,0,0.438149
49,2,13,25,VV,1,0.312252
49,2,14,60,RV,1,0.735541
49,2,15,45,VV,1,0.535897
49,2,16,40,RV,0,0.579371
49,2,17,40,RR,1,0.422352
49,2,18,40,VV,0,0.561810
49,2,19,60,VV,0,0.802462
49,2,20,45,RV,1,0.528862
49,2,21,40,RV,1,0.536731
49,2,22,40,RR,0,0.553407
49,2,23,35,RV,1,0.371504
49,2,24,50,VV,1,0.585402
49,2,25,55,RR,1,0.676000
49,2,26,30,RV,1,0.405805
49,2,27,55,VV,0,0.693497
49,2,28,35,RV,0,0.494025
49,2,29,30,RV,0,0.376411
49,2,30,25,RV,1,0.337083
49,2,31,25,RV,0,0.383433
49,2,32,60,RR,1,0.820859
49,2,34,50,RV,1,0.615692
49,2,35,60,RR,0,0.820357
49,2,36,55,RV,1,0.566567
49,2,37,30,VV,1,0.337483
49,2,38,55,VV,1,0.570849
49,2,39,25,VV,0,0.316163
49,2,40,40,VV,1,0.545694
49,2,41,30,RR,1,0.446097
49,2,42,35,VV,1,0.407612
49,2,43,55,RR,0,0.799908
49,2,44,30,RR,0,0.375406
49,2,45,50,RV,0,0.613635
49,2,46,60,RV,0,0.800157
49,2,47,30,VV,0,0.366170
49,2,48,25,RR,0,0.313002
51,1,1,55,RV,1,0.746570
51,1,2,60,VV,0,0.679668
51,1,3,30,RR,0,0.419292
51,1,4,25,VV,1,0.304888
51,1,5,50,VV,0,0.596906
51,1,6,40,RV,1,0.403148
51,1,7,60,RV,0,0.783800
51,1,8,60,RR,0,0.659121
51,1,9,60,RR,1,0.762717
51,1,10,50,RV,1,0.555241
51,1,11,30,VV,1,0.348492
51,1,12,55,RR,0,0.616639
51,1,13,45,RR,0,0.558670
51,1,14,30,RV,0,0.386069
51,1,15,45,RV,0,0.407563
51,1,16,40,RR,1,0.445183
51,1,17,30,RR,1,0.320402
51,1,18,25,RV,1,0.294963
51,1,19,35,RV,1,0.401307
51,1,20,35,VV,1,0.422744
51,1,21,50,RV,0,0.565349
51,1,22,25,VV,0,0.364981
51,1,23,40,VV,0,0.459222
51,1,24,55,RV,0,0.628799
51,1,25,50,RR,0,0.705229
51,1,26,35,RV,0,0.551038
51,1,27,35,VV,0,0.539915
51,1,28,45,VV,1,0.502247
51,1,29,50,RR,1,0.556938
51,1,30,40,RR,0,0.443705
51,1,31,45,VV,0,0.389341
51,1,32,45,RR,1,0.564416
51,1,33,60,RV,1,0.810582
51,1,34,40,VV,1,0.539604
51,1,35,55,VV,0,0.677244
51,1,36,30,RV,1,0.434497
51,1,37,35,RR,0,0.471694
51,1,38,55,VV,1,0.559387
51,1,39,25,RV,0,0.361738
51,1,40,40,RV,0,0.491038
51,1,41,25,RR,0,0.306219
51,1,42,55,RR,1,0.578590
51,1,43,30,VV,0,0.387496
51,1,44,60,VV,1,0.631624
51,1,45,45,RV,1,0.508997
51,1,46,25,RR,1,0.364652
51,1,47,35,RR,1,0.454307
51,1,48,50,VV,1,0.627867
51,2,1,45,RV,1,0.552891
51,2,2,40,VV,1,0.541413
51,2,3,50,VV,1,0.563661
51,2,4,25,VV,1,0.442672
51,2,5,30,VV,1,0.451111
51,2,6,60,RV,0,0.538899
51,2,7,35,RV,0,0.462920
51,2,8,50,RR,0,0.525892
51,2,9,40,VV,0,0.520630
51,2,10,40,RV,1,0.552502
51,2,11,30,RV,1,0.423978
51,2,12,35,RR,1,0.474284
51,2,13,45,RV,0,0.533056
51,2,15,45,VV,0,0.520272
51,2,16,25,RR,0,0.435652
51,2,17,60,RR,1,0.748991
51,2,18,50,RR,1,0.681858
51,2,20,40,RV,0,0.467146
51,2,21,55,RR,1,0.633201
51,2,22,60,RR,0,0.651985
51,2,23,35,RR,0,0.393056
51,2,25,25,RR,1,0.343945
51,2,26,35,VV,1,0.445183
51,2,27,40,RR,0,0.500372
51,2,28,50,VV,0,0.614354
51,2,29,55,VV,0,0.551717
51,2,30,60,RV,1,0.646337
51,2,31,55,RV,1,0.647244
51,2,32,45,VV,1,0.529673
51,2,33,35,RV,1,0.490674
51,2,34,45,RR,0,0.482038
51,2,35,50,RV,0,0.562522
51,2,36,30,RR,0,0.385141
51,2,37,55,RV,0,0.599196
51,2,38,35,VV,0,0.376130
51,2,39,55,VV,1,0.636168
51,2,40,30,RR,1,0.421372
51,2,41,40,RR,1,0.491935
51,2,42,60,VV,1,0.619155
51,2,43,30,VV,0,0.420474
51,2,44,30,RV,0,0.439727
51,2,45,50,RV,1,0.546662
51,2,46,55,RR,0,0.655170
51,2,47,25,VV,0,0.388136
51,2,48,45,RR,1,0.476782
54,1,1,60,VV,1,0.527900
54,1,2,50,RV,0,0.480635
54,1,3,30,VV,0,0.273552
54,1,4,45,RV,1,0.445779
54,1,5,50,RR,1,0.511997
54,1,6,55,VV,0,0.482588
54,1,7,35,RV,1,0.364136
54,1,8,50,VV,0,0.471818
54,1,9,60,RR,1,0.243078
54,1,10,40,RV,0,0.357314
54,1,11,25,RV,0,0.217104
54,1,12,35,RR,1,0.348251
54,1,13,60,RV,1,0.670702
54,1,14,45,RR,0,0.403052
54,1,15,40,RV,1,0.431946
54,1,16,30,RR,0,0.359366
54,1,17,55,RV,1,0.558391
54,1,18,45,VV,0,0.416925
54,1,19,50,VV,1,0.449977
54,1,20,40,VV,0,0.393102
54,1,21,60,RV,0,0.580808
54,1,22,55,VV,1,0.437670
54,1,23,55,RR,0,0.578733
54,1,24,50,RR,0,0.555524
54,1,25,25,RR,1,0.256129
54,1,26,55,RR,1,0.540013
54,1,28,30,RR,1,0.306699
54,1,31,40,VV,1,0.375975
54,1,32,30,RV,1,0.343246
54,1,33,30,VV,1,0.300668
54,1,34,60,RR,0,0.690959
54,1,35,40,RR,0,0.394880
54,1,36,50,RV,1,0.606672
54,1,38,45,RV,0,0.406531
54,1,39,45,VV,1,0.430418
54,1,40,25,RR,0,0.273550
54,1,41,35,VV,0,0.380683
54,1,42,40,RR,1,0.436297
54,1,43,45,RR,1,0.493443
54,1,45,25,RV,1,0.294270
54,1,47,35,RV,0,0.396285
54,1,48,35,RR,0,0.050095
54,2,1,60,VV,1,0.589415
54,2,2,35,VV,0,0.514285
54,2,3,40,RV,0,0.427672
54,2,4,25,RR,1,0.284776
54,2,7,55,VV,1,0.535546
54,2,8,35,RV,1,0.372948
54,2,9,45,VV,1,0.433352
54,2,10,30,VV,1,0.313789
54,2,11,30,RR,1,0.316986
54,2,12,35,RR,0,0.380723
54,2,13,50,RR,1,0.526935
54,2,14,35,RV,0,0.384856
54,2,15,25,RV,1,0.336987
54,2,16,60,RR,1,0.569171
54,2,17,55,VV,0,0.574541
54,2,18,35,VV,1,0.377914
54,2,19,60,RV,0,0.538260
54,2,20,40,RR,0,0.419460
54,2,21,45,VV,0,0.435214
54,2,23,60,VV,0,0.670127
54,2,24,35,RR,1,0.378302
54,2,25,40,VV,0,0.418087
54,2,26,50,RR,0,0.508085
54,2,27,45,RR,0,0.391380
54,2,28,50,RV,0,0.465612
54,2,29,40,RV,1,0.414759
54,2,30,55,RV,1,0.456075
54,2,31,25,VV,1,0.267257
54,2,32,25,RV,0,0.255558
54,2,33,60,RR,0,0.638376
54,2,34,30,RV,0,0.281760
54,2,37,30,VV,0,0.277094
54,2,38,55,RV,0,0.560786
54,2,39,50,RV,1,0.510027
54,2,40,55,RR,0,0.609611
54,2,41,45,RR,1,0.533962
54,2,42,55,RR,1,0.559659
54,2,43,25,VV,0,0.299373
54,2,44,30,RR,0,0.364357
54,2,45,25,RR,0,0.279359
54,2,46,45,RV,1,0.467421
54,2,47,50,VV,0,0.546381
54,2,48,45,RV,0,0.420132
55,1,1,30,RR,0,0.498765
55,1,2,45,RR,1,0.845352
55,1,3,50,RR,1,0.944727
55,1,4,30,RV,0,0.638715
55,1,5,40,RV,0,0.787804
55,1,6,35,VV,1,0.685482
55,1,7,30,VV,0,0.448582
55,1,8,60,RV,0,1.110506
55,1,9,40,VV,0,0.829656
55,1,10,55,VV,1,0.976572
55,1,11,25,VV,0,0.473903
55,1,12,45,RR,0,0.865601
55,1,13,35,RR,1,0.509105
55,1,14,60,VV,1,1.063783
55,1,16,55,RV,1,1.012828
55,1,17,45,RV,0,0.726907
55,1,18,60,RR,0,1.053494
55,1,19,55,RR,1,0.865333
55,1,20,50,RR,0,0.861739
55,1,21,25,VV,1,0.448809
55,1,22,25,RR,0,0.456724
55,1,23,35,VV,0,0.646423
55,1,24,40,RR,1,0.702749
55,1,26,50,RV,0,0.813190
55,1,27,25,RV,0,0.456617
55,1,28,35,RV,0,0.608279
55,1,29,25,RR,1,0.415037
55,1,30,50,RV,1,0.803869
55,1,31,40,RV,1,0.769006
55,1,32,30,RR,1,0.551495
55,1,33,60,RV,1,1.076984
55,1,34,45,RV,1,0.800441
55,1,35,40,VV,1,0.704118
55,1,36,60,RR,1,0.872635
55,1,37,55,RR,0,1.116325
55,1,38,30,RV,1,0.540952
55,1,39,35,RR,0,0.637028
55,1,40,40,RR,0,0.599182
55,1,41,25,RV,1,0.402252
55,1,42,45,VV,1,0.879782
55,1,43,45,VV,0,0.871300
55,1,44,55,RV,0,0.851553
55,1,45,55,VV,0,1.009378
55,1,46,60,VV,0,1.042904
55,1,47,30,VV,1,0.552387
55,1,48,50,VV,1,0.931226
55,2,1,45,RV,1,0.742306
55,2,2,50,RR,0,0.854099
55,2,3,60,RV,0,0.920222
55,2,4,40,RV,0,0.613179
55,2,5,45,RR,0,0.781192
55,2,6,30,VV,0,0.456810
55,2,7,45,VV,1,0.561255
55,2,8,55,VV,0,0.952586
55,2,9,25,RR,1,0.398005
55,2,10,50,RV,1,0.787511
55,2,11,40,VV,0,0.659799
55,2,12,50,VV,1,0.981433
55,2,13,60,RR,1,1.094032
55,2,14,35,VV,0,0.579158
55,2,15,25,VV,0,0.459439
55,2,18,55,RV,0,0.964922
55,2,19,35,RV,1,0.662506
55,2,20,25,RV,1,0.448033
55,2,21,35,RV,0,0.633851
55,2,22,30,RR,1,0.572746
55,2,24,25,RR,0,0.478539
55,2,25,50,VV,0,0.677312
55,2,26,25,RV,0,0.516804
55,2,27,60,VV,0,0.933601
55,2,28,35,RR,0,0.658836
55,2,29,40,RV,1,0.651595
55,2,30,35,VV,1,0.504216
55,2,31,50,RR,1,0.823553
55,2,32,30,RV,1,0.652785
55,2,33,50,RV,0,0.984830
55,2,34,30,RV,0,0.498962
55,2,35,60,RR,0,1.071649
55,2,36,45,RR,1,0.655089
55,2,37,55,VV,1,0.877862
55,2,38,40,RR,0,0.605346
55,2,40,40,RR,1,0.640216
55,2,41,30,RR,0,0.476636
55,2,42,30,VV,1,0.487404
55,2,43,55,RR,0,0.964700
55,2,44,45,RV,0,0.664512
55,2,45,25,VV,1,0.488406
55,2,46,45,VV,0,0.617173
55,2,47,55,RV,1,0.967558
55,2,48,60,VV,1,1.062012
59,1,1,35,RR,0,0.344891
59,1,3,30,RR,1,0.322842
59,1,4,35,RV,1,0.384579
59,1,5,60,RR,1,0.664392
59,1,6,50,RR,1,0.421655
59,1,7,25,RV,0,0.245954
59,1,8,50,RR,0,0.454202
59,1,9,50,RV,1,0.476908
59,1,10,35,VV,1,0.354719
59,1,11,25,VV,1,0.269595
59,1,12,60,RV,0,0.560066
59,1,13,40,RR,0,0.357283
59,1,14,40,RV,1,0.416582
59,1,17,45,RR,1,0.458932
59,1,18,40,RV,0,0.432849
59,1,19,40,VV,0,0.424444
59,1,20,30,VV,1,0.314266
59,1,21,40,RR,1,0.386628
59,1,22,30,RV,1,0.329079
59,1,23,35,RV,0,0.340091
59,1,24,30,RR,0,0.307697
59,1,25,40,VV,1,0.419125
59,1,26,25,RR,0,0.253130
59,1,27,45,VV,0,0.433253
59,1,28,30,VV,0,0.341602
59,1,29,25,RV,1,0.277266
59,1,30,55,VV,1,0.542429
59,1,31,25,VV,0,0.295175
59,1,32,45,RR,0,0.419638
59,1,33,55,VV,0,0.404390
59,1,34,60,VV,1,0.520195
59,1,35,60,RV,1,0.649688
59,1,36,35,RR,1,0.358131
59,1,37,55,RR,1,0.534804
59,1,39,60,VV,0,0.587524
59,1,40,60,RR,0,0.599442
59,1,41,45,RV,0,0.462573
59,1,42,25,RR,1,0.311339
59,1,44,45,RV,1,0.523793
59,1,45,55,RV,1,0.583041
59,1,46,55,RR,0,0.602485
59,1,47,30,RV,0,0.301307
59,1,48,50,VV,1,0.491541
59,2,1,30,VV,1,0.405815
59,2,2,50,RV,1,0.532277
59,2,3,35,RR,1,0.436096
59,2,4,40,RR,1,0.438286
59,2,5,40,RV,1,0.515377
59,2,6,40,VV,1,0.482695
59,2,7,30,RR,1,0.378746
59,2,8,35,RV,1,0.427008
59,2,9,55,RR,1,0.622294
59,2,10,30,VV,0,0.378047
59,2,11,35,VV,1,0.413654
59,2,12,50,VV,1,0.539023
59,2,13,45,RV,1,0.474244
59,2,15,50,RR,0,0.517368
59,2,16,25,RR,1,0.284821
59,2,17,55,RV,0,0.591792
59,2,18,55,RR,0,0.660812
59,2,19,55,VV,0,0.542576
59,2,20,60,RV,1,0.776364
59,2,21,45,RR,0,0.468039
59,2,22,60,VV,0,0.628767
59,2,23,45,RR,1,0.471937
59,2,24,45,RV,0,0.486171
59,2,25,25,RR,0,0.315623
59,2,26,30,RV,1,0.360460
59,2,27,50,VV,0,0.509227
59,2,28,45,VV,1,0.489020
59,2,29,50,RV,0,0.567449
59,2,30,40,VV,0,0.470239
59,2,31,25,VV,1,0.305259
59,2,32,45,VV,0,0.434870
59,2,33,60,RR,1,0.683890
59,2,34,30,RR,0,0.360590
59,2,35,40,RV,0,0.483973
59,2,36,55,RV,1,0.656273
59,2,37,35,VV,0,0.367779
59,2,38,25,RV,0,0.367859
59,2,39,25,VV,0,0.379247
59,2,40,35,RR,0,0.460814
59,2,41,40,RR,0,0.485293
59,2,42,60,RR,0,0.709596
59,2,43,60,VV,1,0.692207
59,2,44,35,RV,0,0.395930
59,2,45,50,RR,1,0.563435
59,2,46,25,RV,1,0.333732
59,2,47,60,RV,0,0.679519
59,2,48,55,VV,1,0.692166
